Transaction_ID,Contact_ID,Date_transaction,Store_transaction_ID,Store_transaction_name,Item_ID,Unit_original_price,Unit_sale_price,Promotion_ID,Quantity_item,Transaction_value
TRX1D2461CC,,20230201,ABWEB01,Alberta Online Store 01,,"7,19","7,19",,1,"66,91"
TRX6BEC89A6,,20230201,ABWEB01,Alberta Online Store 01,SKUCF10277D,"14,38","14,38",,2,"71,9"
TRXE6A9B82E,,20230201,ABWEB01,Alberta Online Store 01,SKUE7487C11,"-59,95","-59,95",,-1,"-139,85"
TRX7D6DB48B,,20230201,ABWEB01,Alberta Online Store 01,SKU767610F2,"11,99","11,99",,1,"57,97"
TRXD5B19A76,,20230201,AB012,AB Store 012 - Fort McMurray,SKU132D4355,"-49,95","-49,95",,-1,"-164,8"
TRXA43683F2,CUSTA42451D3,20230201,AB107,AB Store 107 - Grande Prairie,SKUB73408E3,"10,99","10,99",,1,"54,96"
TRXECC57F3A,CUST431D6FB0,20230201,AB105,AB Store 105 - St. Albert,SKUF693CE29,"-16,49","-16,49",,-1,"-73,46"
TRX1CB14783,CUSTA97624CF,20230201,AB103,AB Store 103 - Red Deer,SKUA77585B4,"19,99","10,02",PROMOA34667FA,1,"75,19"
TRX028CFFF9,,20230201,ABWEB01,Alberta Online Store 01,,"5,16","5,16",,1,"30,96"
TRX389AA2DB,,20230201,ABWEB01,Alberta Online Store 01,SKU27FEA54E,"14,99","14,99",,1,"243,89"
TRXF7889610,,20230201,ABWEB01,Alberta Online Store 01,,13,13,,1,"124,85"
TRXF57524C3,,20230201,ABWEB01,Alberta Online Store 01,,"44,96","44,96",,1,"89,92"
TRXB11DB93E,CUST79859034,20230201,AB078,AB Store 078 - Lloydminster,SKU3E80A45C,"11,95","7,19",PROMO8A254670,1,"66,9"
TRXF3E23702,,20230201,ABWEB01,Alberta Online Store 01,SKUD5F00F18,"35,95","35,95",,1,"144,8"
TRX4FDF173A,,20230201,AB107,AB Store 107 - Grande Prairie,SKU2C8F6073,"30,99","15,49",PROMOA34667FA,1,"209,43"
TRX7133E2A9,,20230201,AB003,AB Store 003 - Red Deer,SKU92EEDB4A,"32,95","32,95",,1,"88,9"
TRXAA9D9D52,,20230201,AB026,AB Store 026 - Medicine Hat,SKUBAC5FF01,"39,95","39,95",,1,"237,65"
TRXD733281A,,20230201,ABWEB01,Alberta Online Store 01,SKUA319FF0A,"5,16","5,16",,1,"61,75"
TRXC9A67A01,,20230201,AB038,AB Store 038 - Lloydminster,SKU5A6D334D,"11,95","7,19",PROMO8A254670,1,"66,9"
TRXDADDB784,,20230201,AB092,AB Store 092 - Fort McMurray,SKU133F6ABD,"15,99","7,99",PROMOA34667FA,1,"30,48"
TRX8C64D4A6,,20230201,ABWEB01,Alberta Online Store 01,SKUA36FA0D3,"45,95","45,95",,1,"45,95"
TRXAFD8F064,,20230201,ABWEB01,Alberta Online Store 01,,"35,12","35,12",,1,"93,42"
TRXA450D3B0,,20230201,ABWEB01,Alberta Online Store 01,SKUBF3CE621,"30,99","30,99",,1,"68,98"
TRX40277E36,,20230201,AB046,AB Store 046 - Medicine Hat,,"37,95","37,95",,1,"111,85"
TRXE85C8F3C,,20230201,ABWEB01,Alberta Online Store 01,SKUD7F4AAC6,"59,95","59,95",,1,"91,94"
TRX3DA2F2B7,,20230201,ABWEB01,Alberta Online Store 01,SKU068DC373,"16,49","16,49",,1,"100,85"
TRX9F6BD997,,20230201,ABWEB01,Alberta Online Store 01,,"-5,16","-5,16",,-1,"-102,86"
TRX2D07C4D3,,20230201,AB101,AB Store 101 - Calgary,SKU2367134F,"15,99","7,99",PROMOA34667FA,1,"19,98"
TRX326260BC,,20230201,ABWEB01,Alberta Online Store 01,,"5,16","5,16",,1,"59,72"
TRXE19BA3FC,,20230201,ABWEB01,Alberta Online Store 01,,"-49,95","-49,95",,-1,"-49,95"
TRXD32268E3,,20230201,AB085,AB Store 085 - St. Albert,,"29,95","22,46",PROMOC07FAA79,1,"69,91"
TRX46159AB4,,20230201,ABWEB01,Alberta Online Store 01,,"31,96","31,96",,1,"63,92"
TRX585AE0BD,CUSTC989D588,20230202,AB107,AB Store 107 - Grande Prairie,SKU5A0D26D1,"11,95","7,19",PROMO8A254670,1,"132,38"
TRXF9C2491E,,20230202,AB080,AB Store 080 - Wetaskiwin,SKU0ECAF9BA,"21,99","10,99",PROMO55D9511E,1,"21,99"
TRX61805AF4,,20230202,AB077,AB Store 077 - Chestermere,SKUE2E969A7,"-25,99","-25,99",,-1,0
TRX6FDA8E22,,20230202,AB049,AB Store 049 - Spruce Grove,SKU486002D6,"54,95","54,95",,1,"366,55"
TRXFC63C03A,,20230202,ABWEB01,Alberta Online Store 01,SKU8BFC39DD,"24,95","24,95",,1,"87,93"
TRX93C42B0A,,20230202,ABWEB01,Alberta Online Store 01,SKU6C388025,"32,95","32,95",,1,"88,9"
TRXA881B2B3,,20230202,AB093,AB Store 093 - Banff,,"9,95","5,16",PROMOA15EE2E3,1,"205,77"
TRX9599B961,,20230202,AB087,AB Store 087 - Grande Prairie,SKUA81F4359,"39,95","39,95",,1,"135,84"
TRX6F82192E,,20230202,ABWEB01,Alberta Online Store 01,,"11,95","11,95",,1,"45,8"
TRXE2304742,,20230202,ABWEB01,Alberta Online Store 01,SKU1E196A88,"45,95","45,95",,1,"45,95"
TRX73A9E331,,20230202,ABWEB01,Alberta Online Store 01,SKU27FEA54E,"14,99","14,99",,1,"167,11"
TRXCDD8193C,,20230202,ABWEB01,Alberta Online Store 01,SKU98696E60,"-69,95","-69,95",,-1,"-191,8"
TRX92F46571,CUSTA5BE19FC,20230202,ABWEB01,Alberta Online Store 01,SKUC621AF0A,"-31,49","-31,49",,-1,"-62,98"
TRX19B25374,CUST527C091A,20230202,AB006,AB Store 006 - Medicine Hat,,"9,95","5,16",PROMOA15EE2E3,1,"75,9"
TRX6054479D,,20230202,ABWEB01,Alberta Online Store 01,,"49,95","49,95",,1,"64,94"
TRX52A42AA9,,20230202,ABWEB01,Alberta Online Store 01,SKU1C7C105D,"24,99","24,99",,1,"24,99"
TRX18CECCD1,,20230202,ABWEB01,Alberta Online Store 01,SKU8E570985,"26,99","26,99",,1,"46,98"
TRXF3464D06,CUST13D4001F,20230202,AB012,AB Store 012 - Fort McMurray,,"24,95","12,48",,1,"24,95"
TRX72994F80,,20230202,AB039,AB Store 039 - Sherwood Park,SKU1C08A7A6,"-27,99","-27,99",,-1,"-112,93"
TRXCA521022,,20230202,ABWEB01,Alberta Online Store 01,SKU5DF3387A,"27,99","27,99",,1,"40,49"
TRX33C08043,,20230202,AB039,AB Store 039 - Sherwood Park,SKU20482C82,"22,99","22,99",,1,"50,98"
TRX5FBBD79F,,20230202,ABWEB01,Alberta Online Store 01,SKUA533AA09,"7,19","7,19",,1,"35,95"
TRXCAF7A9DA,,20230202,AB107,AB Store 107 - Grande Prairie,SKU92C2C9C6,"24,99","24,99",,1,"68,97"
TRX628915A3,,20230202,AB085,AB Store 085 - St. Albert,SKU5354BB98,"11,48","11,48",,1,"76,9"
TRXF5212A17,CUST55B783C6,20230202,AB105,AB Store 105 - St. Albert,SKU2BBB1EE3,"27,99","27,99",,1,"29,48"
TRXB8AD54CA,,20230202,ABWEB02,Alberta Online Store 02,SKU5954A10D,"19,99","19,99",,1,"113,94"
TRX6E5CFFCC,,20230202,ABWEB01,Alberta Online Store 01,SKUDE548F97,"-39,95","-39,95",,-1,"-168,8"
TRX8A4435C8,CUSTA047728F,20230202,AB015,AB Store 015 - Brooks,SKU47C4E1FB,"-41,99","-41,99",,-1,"-41,99"
TRX3776ADAA,,20230202,ABWEB01,Alberta Online Store 01,SKU71E1F7E2,"34,99","34,99",,1,"112,86"
TRX95D3C71F,,20230202,ABWEB01,Alberta Online Store 01,,"5,16","5,16",,1,"61,92"
TRXA8499CC8,,20230202,ABWEB01,Alberta Online Store 01,SKUEC18240C,"5,16","5,16",,1,"88,53"
TRXF6394EA8,,20230202,ABWEB01,Alberta Online Store 01,SKU8E29E4D3,"29,95","29,95",,1,"149,8"
TRX31624A5F,CUST59AFFC7C,20230202,AB101,AB Store 101 - Calgary,SKU5733CA1A,"34,99","34,99",,1,"72,98"
TRXCB72115B,,20230202,AB087,AB Store 087 - Grande Prairie,SKU73CA7E07,"39,95","39,95",,1,"99,9"
TRX99657220,CUSTA879529C,20230202,AB094,AB Store 094 - Canmore,,"9,95","5,16",PROMOA15EE2E3,1,"30,95"
TRX74F0EE09,,20230202,AB099,AB Store 099 - Sherwood Park,SKU5A7318FD,"39,95","39,95",,1,"105,85"
TRX2B7E5D17,CUSTC6F7FFD6,20230202,AB105,AB Store 105 - St. Albert,SKU39DD8BB7,"11,95","7,19",PROMO8A254670,1,0
TRX4055621F,,20230202,ABWEB01,Alberta Online Store 01,SKUA63A70A4,"9,56","9,56",,1,"44,64"
TRX4B87BAA3,,20230202,AB102,AB Store 102 - Edmonton,SKUBFA370BB,"9,95","2,94",PROMO6EBF2B4B,1,"64,99"
TRX23A00A52,,20230202,AB012,AB Store 012 - Fort McMurray,SKU87AEFB60,"39,95","39,95",,1,"39,95"
TRX0CAEAE52,,20230202,ABWEB01,Alberta Online Store 01,,"-39,95","-39,95",,-1,"-169,8"
TRX731576A7,,20230203,AB016,AB Store 016 - Camrose,SKU302F34D3,"42,95","42,95",,1,"72,9"
TRX96B67B87,,20230203,AB080,AB Store 080 - Wetaskiwin,SKUA3638E7C,"21,99",11,PROMO55D9511E,1,"52,94"
TRX4DEF4C0E,,20230203,ABWEB01,Alberta Online Store 01,,"33,71","33,71",,1,"67,42"
TRX185E9FCF,,20230203,ABWEB01,Alberta Online Store 01,SKU46EB5178,"13,99","13,99",,1,"30,08"
TRX68877C6B,,20230203,AB004,AB Store 004 - Lethbridge,SKUD0574007,"6,99","5,24",PROMOFCD5427E,1,"16,23"
TRXEDFD5325,,20230203,AB104,AB Store 104 - Lethbridge,SKU9E2D2971,"-29,95","-29,95",,-1,"-228,7"
TRXDAC71C96,,20230203,ABWEB01,Alberta Online Store 01,SKUE75B124E,"10,99","10,99",,1,"80,94"
TRX9B2EEEBD,CUSTD0E297CC,20230203,AB026,AB Store 026 - Medicine Hat,SKUBA7D8CDF,"29,95","29,95",,1,"93,85"
TRX22E4F9CF,,20230203,AB085,AB Store 085 - St. Albert,SKU0B913A45,"34,99","17,5",PROMOA34667FA,1,"137,39"
TRX1878D477,,20230203,AB013,AB Store 013 - Banff,,"19,95","9,97",,1,"100,85"
TRXC3AF1288,,20230203,AB002,AB Store 002 - Edmonton,SKUC4F821B0,"11,95","7,19",PROMO8A254670,1,"85,9"
TRX33AE9AF6,,20230203,AB107,AB Store 107 - Grande Prairie,SKU7A7F0FF5,"75,95","75,95",,1,"88,44"
TRX7BFB107D,,20230203,ABWEB01,Alberta Online Store 01,SKU82ED76E5,"44,95","44,95",,1,"44,95"
TRX626CB52D,,20230203,AB086,AB Store 086 - Medicine Hat,SKUF24E69BC,"11,95","7,19",PROMO8A254670,1,"218,73"
TRX1EA9F313,,20230203,AB004,AB Store 004 - Lethbridge,SKUAE6EF7BC,"54,95","54,95",,1,"129,85"
TRX03FC6BAE,,20230203,AB004,AB Store 004 - Lethbridge,SKU83237E85,"11,95","7,19",PROMO8A254670,1,"158,08"
TRX9B2EEEBD,CUSTD0E297CC,20230203,AB026,AB Store 026 - Medicine Hat,SKU4B753DFE,"37,95","37,95",,1,"93,85"
TRX707F8D57,CUST01DB6AD6,20230203,AB081,AB Store 081 - Calgary,SKUF7220689,"9,95","5,15",PROMOA15EE2E3,1,"117,34"
TRXC5A5B873,,20230203,AB006,AB Store 006 - Medicine Hat,SKUCCD937FA,"11,95","7,19",PROMO8A254670,1,"80,9"
TRX22AE005E,CUST3B662A3A,20230203,AB097,AB Store 097 - Chestermere,,"49,95","49,95",,1,"210,8"
TRX7A0C513E,,20230203,AB105,AB Store 105 - St. Albert,SKUAFA96481,"9,95",3,PROMO6EBF2B4B,1,"117,96"
TRX2AFA585E,,20230203,ABWEB01,Alberta Online Store 01,,32,32,,1,"151,85"
TRXD7CAAAB7,,20230203,AB026,AB Store 026 - Medicine Hat,,"5,95","5,95",,1,"84,8"
TRX3BA62321,,20230203,AB032,AB Store 032 - Fort McMurray,,"9,95","5,15",PROMOA15EE2E3,1,"30,95"
TRX65385959,CUSTB0200099,20230203,AB039,AB Store 039 - Sherwood Park,SKU03AEA386,"21,99",11,PROMO55D9511E,1,"32,98"
TRX40C984BF,,20230203,AB092,AB Store 092 - Fort McMurray,SKU84878A1E,"18,48","18,48",,1,"34,96"
TRXF1BD65DC,,20230203,AB086,AB Store 086 - Medicine Hat,SKU81B4C4A6,"42,95","42,95",,1,"75,9"
TRXF467A37B,,20230203,ABWEB01,Alberta Online Store 01,SKU8DF1F224,"17,49","17,49",,1,"61,48"
TRX4EB56170,,20230203,ABWEB01,Alberta Online Store 01,SKU60582365,"30,99","30,99",,1,"68,36"
TRX5CA21BB0,,20230203,ABWEB01,Alberta Online Store 01,SKU2C7A0020,"49,95","49,95",,1,"85,9"
TRXD18DE0FD,,20230203,AB087,AB Store 087 - Grande Prairie,SKUA6433189,"-45,95","-45,95",,-1,"-10,96"
TRX30BBE257,,20230203,AB015,AB Store 015 - Brooks,SKUEAD75526,"32,95","32,95",,1,"228,7"
TRXBE2D8446,,20230203,AB012,AB Store 012 - Fort McMurray,SKU97923B79,"-39,95","-39,95",,-1,"-39,95"
TRXEFA60E4F,,20230203,AB088,AB Store 088 - Airdrie,SKU476FBD6C,"9,95","2,82",PROMO6EBF2B4B,1,"142,38"
TRX1A3D057B,,20230203,AB083,AB Store 083 - Red Deer,SKUB8E74A2D,"34,99","34,99",,1,"200,66"
TRX34D429EF,,20230204,ABWEB01,Alberta Online Store 01,SKU6645BB4F,11,11,,1,"143,36"
TRXC62AFC00,,20230204,AB097,AB Store 097 - Chestermere,SKUC5EF0C68,"-23,99","-23,99",,-1,"-23,99"
TRXDF9C72DF,,20230204,AB087,AB Store 087 - Grande Prairie,SKUFEEB795E,"9,95","5,16",PROMOA15EE2E3,1,"30,95"
TRX78833D15,,20230204,AB105,AB Store 105 - St. Albert,,20,20,,1,"40,99"
TRXFBD20ACA,,20230204,AB105,AB Store 105 - St. Albert,SKUD610D178,"19,99","9,99",PROMOA34667FA,1,"75,37"
TRXA1763036,,20230204,AB085,AB Store 085 - St. Albert,,"9,95","5,16",PROMOA15EE2E3,1,"79,94"
TRX5F295F9C,CUST179DF692,20230204,AB006,AB Store 006 - Medicine Hat,SKUDD426402,"21,99","10,99",PROMO55D9511E,1,"43,98"
TRXEB593672,,20230204,AB040,AB Store 040 - Wetaskiwin,SKUDF477034,"19,99","19,99",,1,"52,97"
TRXF6B46AF2,,20230204,AB038,AB Store 038 - Lloydminster,,"7,19","7,19",,1,"35,95"
TRX5F295F9C,CUST179DF692,20230204,AB006,AB Store 006 - Medicine Hat,SKUC7073D9D,"21,99","11,01",PROMO55D9511E,1,"43,98"
TRX54E712F7,,20230204,AB035,AB Store 035 - Brooks,,"44,95","44,95",,1,"44,95"
TRX92729FC2,,20230204,ABWEB01,Alberta Online Store 01,,"41,62","41,62",,1,"124,85"
TRX991D9710,,20230204,AB027,AB Store 027 - Grande Prairie,,"11,95","7,19",PROMO8A254670,1,"70,9"
TRXB4BB66F4,CUST3971F893,20230204,AB047,AB Store 047 - Grande Prairie,SKUF525925F,"29,95","29,95",,1,"182,75"
TRXCA409908,,20230204,AB083,AB Store 083 - Red Deer,SKUE59835B8,"21,99","10,99",PROMO55D9511E,1,"43,98"
TRX20239467,CUST3C95D9DA,20230204,AB009,AB Store 009 - Spruce Grove,,"9,95","5,16",PROMOA15EE2E3,1,"150,8"
TRXB6E4D3FE,,20230204,AB092,AB Store 092 - Fort McMurray,SKU0C129F87,"9,95",3,PROMO6EBF2B4B,1,"39,99"
TRXAAD9A8FF,,20230204,AB083,AB Store 083 - Red Deer,,"34,95","34,95",,1,0
TRX055C6276,,20230204,ABWEB01,Alberta Online Store 01,SKUDF477034,"19,99","19,99",,1,"64,96"
TRXC18DB52D,,20230204,AB086,AB Store 086 - Medicine Hat,SKUA6862686,"27,99","27,99",,1,"57,98"
TRXB02767EB,,20230204,AB026,AB Store 026 - Medicine Hat,SKU54586DDE,"19,95","19,95",,1,"61,85"
TRXAC76006E,,20230204,ABWEB01,Alberta Online Store 01,SKU3F750C86,11,11,,1,33
TRX082B82A3,,20230204,AB083,AB Store 083 - Red Deer,SKU63BF1F3F,"9,95","5,15",PROMOA15EE2E3,1,"100,85"
TRXB3F115E7,,20230204,AB038,AB Store 038 - Lloydminster,SKU126916DD,"9,95","5,16",PROMOA15EE2E3,1,"52,94"
TRX54FB50BB,,20230204,AB016,AB Store 016 - Camrose,,11,11,,1,11
TRXFA111C7F,,20230204,AB001,AB Store 001 - Calgary,,"22,95","12,28",,1,"22,95"
TRXA3008665,,20230204,AB037,AB Store 037 - Chestermere,SKUDADE7E64,"-39,95","-39,95",,-1,"-67,94"
TRX2D6B6D14,,20230205,ABWEB01,Alberta Online Store 01,SKU7915DFE4,"12,59","12,59",,1,"92,24"
TRX09C768E3,,20230205,AB039,AB Store 039 - Sherwood Park,,"49,95","49,95",,1,"99,9"
TRX0D85EAE5,,20230205,AB012,AB Store 012 - Fort McMurray,SKUD5A3448D,"29,95","29,95",,1,"145,8"
TRX8D96F2F5,CUST457AA917,20230205,AB092,AB Store 092 - Fort McMurray,SKU54BBA2E8,"-12,59","-12,59",,-1,"-75,26"
TRX20C8C166,CUST98F3B0C2,20230205,AB013,AB Store 013 - Banff,SKU3973602E,"9,99","7,49",PROMOFCD5427E,1,"52,44"
TRXDC297484,,20230205,AB100,AB Store 100 - Wetaskiwin,SKU9A5C1893,"24,95","24,95",,1,"170,24"
TRX626D9468,,20230205,AB002,AB Store 002 - Edmonton,SKU31BB0FA2,"11,99","11,99",,1,"63,89"
TRX719F1B37,,20230205,AB086,AB Store 086 - Medicine Hat,SKUF084C2E2,"9,95","5,15",PROMOA15EE2E3,1,"110,92"
TRX9D27F69E,CUST5EFFD678,20230205,AB049,AB Store 049 - Spruce Grove,,"11,95","7,19",PROMO8A254670,1,"213,79"
TRXFF23CCA6,,20230205,AB085,AB Store 085 - St. Albert,SKU851B0318,"37,95","37,95",,1,"245,65"
TRX980B07AE,,20230205,AB099,AB Store 099 - Sherwood Park,SKU27619EF0,"30,99","15,49",PROMOA34667FA,1,"65,44"
TRX842BC6F8,,20230205,AB027,AB Store 027 - Grande Prairie,,10,10,,1,"45,95"
TRX6BDDBC74,,20230205,AB026,AB Store 026 - Medicine Hat,,"44,95","44,95",,1,"124,89"
TRX0F63ADAF,,20230205,AB041,AB Store 041 - Calgary,,"-11,95","-11,95",,-1,0
TRXB3E18836,,20230205,AB012,AB Store 012 - Fort McMurray,SKU2B87BE6D,"14,99","11,24",PROMOFCD5427E,1,"11,24"
TRX177F3DA7,CUST0DF91CC4,20230205,AB013,AB Store 013 - Banff,,"11,95","7,19",PROMO8A254670,1,"99,89"
TRXC0066971,,20230205,AB026,AB Store 026 - Medicine Hat,,"49,95","49,95",,1,"201,8"
TRX3B623FA4,,20230205,AB016,AB Store 016 - Camrose,,"22,95","11,95",,1,"69,9"
TRXEDC3675F,,20230205,AB039,AB Store 039 - Sherwood Park,SKUE985EF09,"28,95","28,95",,1,"108,85"
TRX8C978D7D,,20230205,AB041,AB Store 041 - Calgary,SKU7491CB1B,"11,95","3,33",PROMO01A6322C,1,10
TRX8D32F510,,20230205,AB028,AB Store 028 - Airdrie,,"11,95","7,19",PROMO8A254670,1,"225,75"
TRX12D9604E,,20230205,AB002,AB Store 002 - Edmonton,SKU0F04B2F9,"9,95","5,15",PROMOA15EE2E3,1,"130,85"
TRXDBF99913,,20230205,AB077,AB Store 077 - Chestermere,SKU9160D217,"14,99","7,49",PROMOA34667FA,1,"160,32"
TRX9E14DC90,,20230205,AB038,AB Store 038 - Lloydminster,SKU5FA39064,"7,19","7,19",,1,"35,95"
TRX68D5B06F,,20230205,AB025,AB Store 025 - St. Albert,,"9,95","5,16",PROMOA15EE2E3,1,"30,95"
TRXE25EDCB1,CUST0017DD8A,20230205,AB097,AB Store 097 - Chestermere,SKU4F8D83B8,"45,95","45,95",,1,"118,85"
TRX9E6CD401,,20230205,ABWEB01,Alberta Online Store 01,SKU0ECAF9BA,11,11,,1,"69,74"
TRX37936F94,,20230205,AB099,AB Store 099 - Sherwood Park,SKU1F81B027,"11,95","3,22",PROMO6EBF2B4B,1,"65,98"
TRX376EA9A0,,20230205,AB097,AB Store 097 - Chestermere,SKU4968780F,"25,95","25,95",,1,"166,06"
TRXD5809EE6,CUST3733D3DC,20230205,AB077,AB Store 077 - Chestermere,SKU11A8F5F6,"9,95","5,16",PROMOA15EE2E3,1,"120,83"
TRX132AF0B6,CUST4F17C2CF,20230205,AB049,AB Store 049 - Spruce Grove,SKU747D1E34,"24,95","24,95",,1,-15
TRXD1D6A5CC,,20230205,AB047,AB Store 047 - Grande Prairie,SKU47B54BD7,"9,95","5,16",PROMOA15EE2E3,1,"166,75"
TRX575EABAF,,20230205,AB101,AB Store 101 - Calgary,SKUBF5679D7,"9,95","2,73",PROMO6EBF2B4B,1,30
TRX07DA1C5A,,20230205,AB001,AB Store 001 - Calgary,SKUE2679B13,"-54,95","-54,95",,-1,"-44,4"
TRX4BC44068,,20230205,AB078,AB Store 078 - Lloydminster,SKU712EEFE5,"11,95","7,19",PROMO8A254670,1,"35,95"
TRXE394CA3A,,20230206,ABWEB01,Alberta Online Store 01,SKU7D19833F,"35,02","35,02",,1,"110,34"
TRX7C4963FE,,20230206,ABWEB01,Alberta Online Store 01,,"40,89","40,89",,1,"112,85"
TRX247BDA99,,20230206,ABWEB01,Alberta Online Store 01,,"7,19","7,19",,1,"71,9"
TRX01DA35DB,,20230206,ABWEB01,Alberta Online Store 01,SKU161DFFF3,"10,1","10,1",,1,"136,6"
TRX6E6E6999,CUST0CAA47F7,20230206,AB010,AB Store 010 - Leduc,SKU9B7369A7,"-59,95","-59,95",,-1,"-169,85"
TRX5338F495,,20230206,ABWEB01,Alberta Online Store 01,SKU847A781F,11,11,,1,33
TRX620789AD,,20230206,AB012,AB Store 012 - Fort McMurray,SKUFF42310A,"39,95","39,95",,1,"120,34"
TRX1CFD1C93,,20230206,AB107,AB Store 107 - Grande Prairie,,"24,95","12,47",,1,"209,24"
TRX77E10E5D,,20230206,AB044,AB Store 044 - Lethbridge,SKUA099CB61,"24,95","24,95",,1,"55,9"
TRX8F3B64AE,,20230206,ABWEB01,Alberta Online Store 01,SKUEF8B061B,"52,99","52,99",,1,"147,53"
TRXCB4C1CB8,,20230206,ABWEB01,Alberta Online Store 01,SKUF7C9E0A0,"24,99","24,99",,1,"134,52"
TRX6D770FE8,,20230206,ABWEB01,Alberta Online Store 01,,"9,91","9,91",,1,"104,8"
TRX456E3208,,20230206,AB083,AB Store 083 - Red Deer,SKUC6B02953,"54,95","54,95",,1,"33,99"
TRXFE6D9A0B,CUSTDFB8D436,20230206,AB084,AB Store 084 - Lethbridge,,"49,95","49,95",,1,"99,9"
TRX1B9E2E99,,20230206,ABWEB01,Alberta Online Store 01,,"39,95","39,95",,1,"39,95"
TRXDCC5F45C,,20230206,ABWEB01,Alberta Online Store 01,,"34,95","34,95",,1,"100,85"
TRXE8AEE8B4,,20230206,AB046,AB Store 046 - Medicine Hat,SKU5661BDF3,"11,95","7,19",PROMO8A254670,1,"50,94"
TRXB973D281,,20230206,AB027,AB Store 027 - Grande Prairie,SKU040ED7BF,"12,99","12,99",,1,"64,88"
TRXDCBE5A96,,20230206,ABWEB01,Alberta Online Store 01,SKU980E2E27,"49,46","49,46",,1,"212,12"
TRX7CB43C1B,,20230206,ABWEB01,Alberta Online Store 01,,"45,18","45,18",,1,"236,67"
TRXEDCC37EF,CUST101AE100,20230206,AB013,AB Store 013 - Banff,SKUE7487C11,"59,95","59,95",,1,"69,95"
TRXBF1CD95A,,20230206,ABWEB01,Alberta Online Store 01,SKU1D0AF147,"7,19","7,19",,1,"35,95"
TRXBBBDF36C,,20230206,AB105,AB Store 105 - St. Albert,SKUD3D7B585,"9,95","2,94",PROMO6EBF2B4B,1,"125,91"
TRX3D6E4215,,20230206,ABWEB01,Alberta Online Store 01,SKUD5A24FD8,"13,99","13,99",,1,"13,99"
TRX7CF292F2,,20230206,AB037,AB Store 037 - Chestermere,SKU43001182,"21,99","21,99",,1,"21,99"
TRX88DB4B96,CUSTEC5DCB48,20230206,AB101,AB Store 101 - Calgary,SKU147E2AE6,"11,95","3,4",PROMO6EBF2B4B,1,30
TRX0E16CA54,,20230206,ABWEB01,Alberta Online Store 01,SKU3D8D5088,"34,99","34,99",,1,"126,88"
TRX72977B55,,20230206,ABWEB01,Alberta Online Store 01,SKU99A4F6E4,"34,99","34,99",,1,"34,99"
TRX3FBDE2C8,,20230206,AB038,AB Store 038 - Lloydminster,SKU8B7DAD0E,"35,95","35,95",,1,"35,95"
TRX5E245EEB,CUSTDAE9E4F6,20230206,ABWEB01,Alberta Online Store 01,SKU5FF2DDC9,20,20,,2,20
TRX29770E4B,,20230206,AB048,AB Store 048 - Airdrie,SKU90371912,"32,95","32,95",,1,"190,75"
TRXD79903F1,,20230206,AB023,AB Store 023 - Red Deer,SKU836CE6A7,"12,48","12,48",,1,"200,76"
TRX0AC31A34,,20230206,ABWEB01,Alberta Online Store 01,,"40,59","40,59",,1,"107,57"
TRX512510CA,,20230206,ABWEB01,Alberta Online Store 01,,"12,5","12,5",,1,"67,45"
TRXC6DAB62D,,20230206,ABWEB01,Alberta Online Store 01,SKU1CB8D388,"26,89","26,89",,1,"56,84"
TRX99394476,,20230206,ABWEB01,Alberta Online Store 01,SKUA4FEC26F,"19,99","19,99",,1,"119,96"
TRX7457DE64,,20230206,ABWEB01,Alberta Online Store 01,SKU0CAEE066,"7,19","7,19",,1,"95,85"
TRX0E8309AE,,20230206,AB048,AB Store 048 - Airdrie,SKU9751E106,"9,95","5,15",PROMOA15EE2E3,1,"54,85"
TRX72710756,,20230206,ABWEB01,Alberta Online Store 01,SKU2D4E98ED,"33,6","33,6",,1,"92,39"
TRX72A3CD0E,,20230206,ABWEB01,Alberta Online Store 01,SKUDDAD73A3,"32,81","32,81",,1,"114,8"
TRX2BD92BA5,,20230206,AB023,AB Store 023 - Red Deer,SKU114F03C8,"11,95","7,19",PROMO8A254670,1,"35,95"
TRX402C7CB5,,20230206,ABWEB01,Alberta Online Store 01,,"37,25","37,25",,1,"120,8"
TRXE12CF99F,,20230206,AB015,AB Store 015 - Brooks,,"12,5","12,5",,1,"142,35"
TRX64D7E3ED,,20230206,AB006,AB Store 006 - Medicine Hat,,"9,95","5,16",PROMOA15EE2E3,1,"30,95"
TRXDCB293AE,,20230206,ABWEB01,Alberta Online Store 01,SKUF74141D4,11,11,,1,22
TRXA0C01108,,20230207,AB085,AB Store 085 - St. Albert,SKU8691598A,"16,99","16,99",,1,"108,17"
TRXE61555D7,CUST6809E1FB,20230207,AB103,AB Store 103 - Red Deer,SKU87E61415,"22,99","11,5",PROMOA34667FA,1,"89,46"
TRX0D396913,,20230207,ABWEB01,Alberta Online Store 01,,"47,96","47,96",,1,"47,96"
TRXEBB09643,,20230207,AB025,AB Store 025 - St. Albert,SKUB0BAE825,"49,95","49,95",,1,"665,15"
TRX95DA3ED9,,20230207,AB077,AB Store 077 - Chestermere,SKU675D3E17,"9,99","4,99",PROMOA34667FA,1,"55,97"
TRXA209B913,,20230207,ABWEB01,Alberta Online Store 01,SKUDD426402,11,11,,1,"92,48"
TRXE493A899,,20230207,AB104,AB Store 104 - Lethbridge,SKUE1FCF62F,"22,99","22,99",,1,"126,42"
TRX2D383EC3,,20230207,ABWEB01,Alberta Online Store 01,,"22,46","22,46",,1,"74,92"
TRX6D5D9D58,,20230207,ABWEB01,Alberta Online Store 01,,"22,46","22,46",,1,"89,59"
TRX0EBDA22D,CUST415EADCA,20230207,AB023,AB Store 023 - Red Deer,SKU1F44AB98,"11,95","7,19",PROMO8A254670,1,"70,94"
TRXC7EC3600,,20230207,ABWEB01,Alberta Online Store 01,SKU1C1E9D05,"32,91","32,91",,1,"116,8"
TRX2E622A9F,,20230207,AB094,AB Store 094 - Canmore,SKU93838090,"10,99","5,49",PROMOA34667FA,1,"160,36"
TRX913699EA,,20230207,ABWEB01,Alberta Online Store 01,,"14,38","14,38",,2,"87,86"
TRX639FD0D6,,20230207,ABWEB01,Alberta Online Store 01,SKUE30BC385,"27,99","27,99",,1,"92,96"
TRX7A10BDD6,,20230207,ABWEB01,Alberta Online Store 01,SKUE747F85C,"9,99","9,99",,1,"106,44"
TRXF8616220,,20230207,AB101,AB Store 101 - Calgary,SKU2763F577,"16,99","16,99",,1,"118,94"
TRXEBB651C4,,20230207,ABWEB01,Alberta Online Store 01,SKUD81BCB62,"24,49","24,49",,1,"84,87"
TRX08F3E9D1,,20230207,ABWEB01,Alberta Online Store 01,SKUEDB49FC8,"29,95","29,95",,1,"29,95"
TRXE212E9A2,,20230207,ABWEB01,Alberta Online Store 01,SKUC2A1A8B0,"29,95","29,95",,1,"29,95"
TRX67B52504,,20230207,AB078,AB Store 078 - Lloydminster,SKU3149F116,"41,99","31,49",PROMOFCD5427E,1,"200,43"
TRX5EBA1639,,20230207,ABWEB01,Alberta Online Store 01,,"14,38","14,38",,2,"35,95"
TRX0AE05A61,,20230207,AB092,AB Store 092 - Fort McMurray,SKU4B9C26A2,"21,48","21,48",,1,"57,71"
TRX0B90742B,,20230207,AB102,AB Store 102 - Edmonton,SKU1BAD5C8E,"23,99","23,99",,1,"133,81"
TRXE90DD6A0,,20230207,ABWEB01,Alberta Online Store 01,SKU101AD0E1,"23,24","23,24",,1,"61,95"
TRX2274E1E1,,20230207,AB080,AB Store 080 - Wetaskiwin,,"9,95","5,16",PROMOA15EE2E3,1,"90,9"
TRX10075811,,20230207,ABWEB01,Alberta Online Store 01,,"9,95","9,95",,1,"41,9"
TRXEFB66A17,,20230208,AB037,AB Store 037 - Chestermere,SKU5F6BD331,"34,95","34,95",,1,"34,95"
TRX072B4675,,20230208,ABWEB01,Alberta Online Store 01,SKUC8138C43,"16,49","16,49",,1,"73,3"
TRXEC6EF999,,20230208,AB044,AB Store 044 - Lethbridge,,"11,95","7,19",PROMO8A254670,1,"121,85"
TRX4608A90D,,20230208,AB103,AB Store 103 - Red Deer,SKUFE768572,"-32,95","-32,95",,-1,"-32,95"
TRX06134ABD,,20230208,ABWEB01,Alberta Online Store 01,SKU8304736F,"7,19","7,19",,1,"96,86"
TRX06134ABD,,20230208,ABWEB01,Alberta Online Store 01,SKU731ACB5F,"7,19","7,19",,1,"96,86"
TRX698C1520,CUST13DE4BDF,20230208,AB105,AB Store 105 - St. Albert,SKU3A3ECF3D,"29,99","29,99",,1,"121,94"
TRX8EC54A8B,,20230208,AB012,AB Store 012 - Fort McMurray,SKUF435446A,"45,95","45,95",,1,"181,75"
TRX84C665F7,,20230208,ABWEB01,Alberta Online Store 01,,"7,19","7,19",,1,"71,9"
TRX37E82BE9,CUSTE3107D9C,20230208,AB080,AB Store 080 - Wetaskiwin,SKUCF7ED034,"37,99","37,99",,1,"75,98"
TRX5132049F,,20230208,AB103,AB Store 103 - Red Deer,SKU683BC406,"11,95","7,19",PROMO8A254670,1,"35,95"
TRX186FF149,,20230208,AB088,AB Store 088 - Airdrie,SKU6CDA432D,"9,95","5,15",PROMOA15EE2E3,1,"141,37"
TRX2FE4E829,,20230208,AB014,AB Store 014 - Canmore,SKU2F34EF41,"39,95","39,95",,1,"195,75"
TRXECBF19E5,,20230208,AB107,AB Store 107 - Grande Prairie,SKU54F3159C,"5,98","5,98",,1,"81,28"
TRXEA136C70,,20230208,AB006,AB Store 006 - Medicine Hat,SKU432096BD,"16,49","16,49",,1,0
TRX9BE22304,,20230208,AB086,AB Store 086 - Medicine Hat,SKU3276A4B2,"11,95","7,19",PROMO8A254670,1,"-28,72"
TRX6140F45C,,20230208,AB004,AB Store 004 - Lethbridge,SKU95A7B224,"42,95","42,95",,1,"169,83"
TRXFD9B8CF3,CUSTB1970317,20230208,AB001,AB Store 001 - Calgary,SKU51634B3E,"9,95","5,16",PROMOA15EE2E3,1,"225,75"
TRX600CDF96,,20230208,ABWEB01,Alberta Online Store 01,SKU3149F116,"31,49","31,49",,1,"173,62"
TRX986DDBF7,,20230208,ABWEB01,Alberta Online Store 01,SKUBFBAC093,"19,95","19,95",,1,"19,95"
TRXBA290205,,20230208,ABWEB01,Alberta Online Store 01,SKU8F7A91F9,11,11,,1,"98,97"
TRX24D52391,,20230208,AB097,AB Store 097 - Chestermere,SKU1DDE82E3,"30,99","30,99",,1,"120,88"
TRX05295AED,,20230208,ABWEB01,Alberta Online Store 01,SKUA5E99BDF,"31,96","31,96",,1,"172,56"
TRXAA87CA64,,20230208,AB092,AB Store 092 - Fort McMurray,,"44,95","44,95",,1,"89,9"
TRXE3F646CE,,20230208,AB081,AB Store 081 - Calgary,SKU6E4825DF,"9,95","5,16",PROMOA15EE2E3,1,"91,89"
TRX765C35CD,,20230208,AB088,AB Store 088 - Airdrie,SKU8FFC7FFB,"26,95","26,95",,1,"80,85"
TRX0D5F5B71,CUSTD239B283,20230208,AB087,AB Store 087 - Grande Prairie,SKUF6DB6A4C,"12,99","6,49",PROMOA34667FA,1,"31,48"
TRX5ED29E8A,,20230208,AB007,AB Store 007 - Grande Prairie,SKU03EEF882,"6,99","5,25",PROMOFCD5427E,1,"81,93"
TRXA4F8CDB5,,20230208,ABWEB01,Alberta Online Store 01,SKU0306DA89,11,11,,1,"114,05"
TRX8DFB897D,,20230208,ABWEB01,Alberta Online Store 01,SKUE9B33D03,"41,99","41,99",,1,"41,99"
TRXB44646CB,,20230208,AB002,AB Store 002 - Edmonton,,"19,95","9,98",,1,"19,95"
TRX57AFB758,,20230208,ABWEB01,Alberta Online Store 01,,"49,95","49,95",,1,"99,9"
TRX614B9021,,20230208,ABWEB01,Alberta Online Store 01,SKU0B6706FC,"14,69","14,69",,1,"98,08"
TRX1D6BF50C,,20230208,ABWEB01,Alberta Online Store 01,SKUD187A428,11,11,,1,33
TRXBEB6713A,,20230208,ABWEB01,Alberta Online Store 01,SKU6D1E8C6F,"44,99","44,99",,1,"104,94"
TRX9E82ECBC,,20230208,AB002,AB Store 002 - Edmonton,SKU6305C6DC,"9,95","5,16",PROMOA15EE2E3,1,"95,89"
TRX9439A318,,20230209,ABWEB01,Alberta Online Store 01,SKU2909DDE5,"39,95","39,95",,1,"351,5"
TRX378C511F,,20230209,ABWEB01,Alberta Online Store 01,SKU347CF73A,"39,95","39,95",,1,"39,95"
TRX0145200D,CUST5E23264B,20230209,AB010,AB Store 010 - Leduc,SKUAD79CBA2,"29,95","29,95",,1,"72,93"
TRXF507AF96,,20230209,ABWEB01,Alberta Online Store 01,SKU815D8FA8,"15,99","15,99",,1,"33,98"
TRXEE4CBC36,,20230209,AB013,AB Store 013 - Banff,SKU354629AD,"11,95","7,19",PROMO8A254670,1,"191,65"
TRX71C0AEE0,,20230209,AB026,AB Store 026 - Medicine Hat,SKUEBA23E1E,"34,99","34,99",,1,"120,89"
TRX306F933D,CUST1057B1E5,20230209,AB031,AB Store 031 - Okotoks,SKU6D79BFEF,"25,95","25,95",,1,"240,19"
TRXC7BBC176,CUST48FC8A07,20230209,AB077,AB Store 077 - Chestermere,SKU7C7DAEBF,"-22,49","-22,49",,-1,"-2,01"
TRX916E8733,,20230209,AB103,AB Store 103 - Red Deer,SKUEEAF4A43,"9,95","5,16",PROMOA15EE2E3,1,"30,95"
TRX5778CFFD,,20230209,AB037,AB Store 037 - Chestermere,,10,10,,1,"270,65"
TRX5FEED1A7,,20230209,ABWEB01,Alberta Online Store 01,SKU2EC2A572,"34,99","34,99",,1,"82,66"
TRXF19112FC,,20230209,AB107,AB Store 107 - Grande Prairie,SKUB50F3BE8,"9,95",3,PROMO6EBF2B4B,1,"35,99"
TRX0A5B5057,,20230209,AB048,AB Store 048 - Airdrie,,"6,25","6,25",,1,"33,73"
TRX4D9C2C68,CUST604441B2,20230209,AB104,AB Store 104 - Lethbridge,SKUBE06140E,"54,95","54,95",,1,"209,84"
TRX0597B530,,20230209,ABWEB01,Alberta Online Store 01,SKU9D490DCD,"13,99","13,99",,1,"153,92"
TRX80539AE2,CUST4F4D4ED1,20230209,AB031,AB Store 031 - Okotoks,SKUD9A34B41,"19,99","19,99",,1,"50,94"
TRX6983A570,,20230209,AB038,AB Store 038 - Lloydminster,SKU05197EA3,"11,95","7,19",PROMO8A254670,1,"35,95"
TRXD5B52529,,20230209,ABWEB01,Alberta Online Store 01,SKU82B8708A,"20,69","20,69",,1,"167,4"
TRXEF827A8F,,20230209,AB046,AB Store 046 - Medicine Hat,SKU3AB2DFA8,"75,95","75,95",,1,"75,95"
TRX800CED7F,,20230209,AB078,AB Store 078 - Lloydminster,,"44,95","33,71",PROMOC07FAA79,1,"67,42"
TRXE7B69460,,20230209,AB107,AB Store 107 - Grande Prairie,,"22,95","11,47",,1,"152,36"
TRXB1573410,CUST81CD4FFC,20230209,AB048,AB Store 048 - Airdrie,SKU97923B79,"39,95","33,96",PROMO2215B13A,1,"55,17"
TRX20A468F8,,20230209,AB004,AB Store 004 - Lethbridge,,"49,95","49,95",,1,"109,85"
TRX0A2EA4B8,,20230209,AB027,AB Store 027 - Grande Prairie,,"22,95","12,99",,1,"104,89"
TRX041993B7,CUST2CB67F9C,20230209,AB014,AB Store 014 - Canmore,SKU25C2EB58,"11,95","3,33",PROMO01A6322C,1,10
TRX8156B447,CUST544FCD41,20230209,ABWEB01,Alberta Online Store 01,SKU44A18B66,"19,99","19,99",,1,"246,9"
TRX6B8F5D43,,20230209,AB029,AB Store 029 - Spruce Grove,SKU5D849D79,"45,95","45,95",,1,"473,47"
TRXE52ED16B,,20230209,ABWEB01,Alberta Online Store 01,,"-34,95","-34,95",,-1,"-69,9"
TRXF3D66563,,20230209,AB039,AB Store 039 - Sherwood Park,SKUB8C37507,"11,95","3,34",PROMO01A6322C,1,"108,93"
TRX1FAB6CB6,,20230209,ABWEB01,Alberta Online Store 01,SKU298A838B,"42,95","42,95",,1,"118,85"
TRXDBA4F840,,20230209,AB026,AB Store 026 - Medicine Hat,SKU609C1FCE,"15,99","15,99",,1,"60,97"
TRX26CA13CD,,20230209,ABWEB01,Alberta Online Store 01,SKUFBA5FC50,"7,19","7,19",,1,"44,95"
TRX45572F03,,20230209,ABWEB01,Alberta Online Store 01,SKUC508070D,"22,46","22,46",,1,"82,87"
TRXDC4BB8EE,,20230209,AB081,AB Store 081 - Calgary,SKUEF3345E5,"19,99","19,99",,1,"19,99"
TRX5679F191,,20230209,AB078,AB Store 078 - Lloydminster,SKUA0155331,"17,99","8,99",PROMOA34667FA,1,"8,99"
TRX2971DBBA,,20230209,ABWEB01,Alberta Online Store 01,SKU5771F9C2,"10,99","10,99",,1,"109,97"
TRX681E5B79,CUST367A3E6A,20230209,AB092,AB Store 092 - Fort McMurray,SKU7D7A97D0,"39,95","39,95",,1,"69,9"
TRX8638A575,CUST733FE612,20230209,AB101,AB Store 101 - Calgary,SKU79E068E3,"29,95","22,46",PROMOC07FAA79,1,"381,53"
TRXF59BA6F8,,20230210,AB083,AB Store 083 - Red Deer,SKU6B2AE411,"11,95","7,19",PROMO8A254670,1,"35,95"
TRX702B17F0,,20230210,AB019,AB Store 019 - Sherwood Park,SKUE8591B9D,"37,95","37,95",,1,"335,58"
TRX6C3EF7B2,CUST86B0ACA7,20230210,AB097,AB Store 097 - Chestermere,SKUB214A916,"25,99",13,PROMOA34667FA,1,"95,93"
TRXA3682AA5,,20230210,AB006,AB Store 006 - Medicine Hat,,"11,95","7,19",PROMO8A254670,1,"396,55"
TRXB1721551,CUST0EEF498F,20230210,AB100,AB Store 100 - Wetaskiwin,SKUACB1FB23,"11,95","3,27",PROMO6EBF2B4B,1,30
TRX67725437,,20230210,ABWEB01,Alberta Online Store 01,SKU3992B89F,11,11,,1,"79,99"
TRX84676766,,20230210,AB007,AB Store 007 - Grande Prairie,SKU33B8F710,"39,95","39,95",,1,"130,85"
TRX89CBE73D,,20230210,AB026,AB Store 026 - Medicine Hat,SKU530CB26A,"39,95","39,95",,1,"499,51"
TRX07943949,,20230210,AB077,AB Store 077 - Chestermere,,"49,95","49,95",,1,"139,85"
TRX6A26C3A0,,20230210,AB103,AB Store 103 - Red Deer,SKU3B140670,"49,95","49,95",,1,"95,85"
TRX44E8F4AD,,20230210,AB097,AB Store 097 - Chestermere,SKU4D3A2DCB,"23,96","23,96",,1,"172,8"
TRXECAE10BA,,20230210,AB012,AB Store 012 - Fort McMurray,SKU691FBDA2,"29,95","17,98",,1,"29,95"
TRXBC886EDA,,20230210,AB093,AB Store 093 - Banff,SKU1E9016D6,"24,99","24,99",,1,"43,97"
TRX7AB8BD7E,,20230210,AB104,AB Store 104 - Lethbridge,SKU64F59190,"15,99","7,99",PROMOA34667FA,1,"15,48"
TRX5D4B8734,,20230210,AB002,AB Store 002 - Edmonton,SKU1F4597D1,"-30,28","-30,28",,-1,"-195,21"
TRX0998F159,,20230210,AB100,AB Store 100 - Wetaskiwin,SKU50CA22E3,"29,95","17,98",,1,"79,9"
TRX9049777C,,20230210,ABWEB01,Alberta Online Store 01,SKU2E415B7A,"39,95","39,95",,1,"152,8"
TRX1E833F7F,,20230210,AB092,AB Store 092 - Fort McMurray,SKU230B8866,"21,99","10,99",PROMO55D9511E,1,"128,93"
TRXB838DBA2,,20230210,AB085,AB Store 085 - St. Albert,SKU3441503C,"9,95","2,83",PROMO6EBF2B4B,1,30
TRX9C16970B,,20230210,AB101,AB Store 101 - Calgary,SKU2A6D2765,"39,95","39,95",,1,"62,9"
TRXEDC23115,,20230210,AB107,AB Store 107 - Grande Prairie,SKU28F0E845,"9,95",3,PROMO6EBF2B4B,1,"119,97"
TRXC1092677,CUST531A8FC1,20230210,AB104,AB Store 104 - Lethbridge,SKUC91BACA0,"-29,99","-29,99",,-1,"-29,99"
TRX6B42C9D5,,20230210,ABWEB01,Alberta Online Store 01,SKUAC0EC6CF,"54,95","54,95",,1,"85,94"
TRXF9D86EA7,CUST19F009CE,20230210,AB015,AB Store 015 - Brooks,SKU113A5095,"21,99","10,99",PROMO55D9511E,1,"32,98"
TRX210021CC,,20230210,AB042,AB Store 042 - Edmonton,SKU585492BE,"21,99","10,99",PROMO55D9511E,1,"10,99"
TRX6054A0F3,,20230210,AB026,AB Store 026 - Medicine Hat,SKUB490DE49,"39,95","39,95",,1,"120,89"
TRX532DD61E,,20230210,ABWEB01,Alberta Online Store 01,SKUDFF1E3FD,11,11,,1,110
TRXF84B74D3,,20230210,AB026,AB Store 026 - Medicine Hat,,"12,5","12,5",,1,"67,45"
TRX72530D94,,20230210,AB012,AB Store 012 - Fort McMurray,SKUFF68D727,"11,95","7,19",PROMO8A254670,1,"35,95"
TRX7C6BF97C,CUSTA345A901,20230210,AB016,AB Store 016 - Camrose,SKU79C8210A,"11,95","7,19",PROMO8A254670,1,"145,85"
TRX9028857F,,20230210,ABWEB01,Alberta Online Store 01,SKU73862B0C,"19,99","19,99",,1,"74,96"
TRX6D98AA63,,20230210,AB002,AB Store 002 - Edmonton,SKU73729489,"11,95","7,19",PROMO8A254670,1,"184,82"
TRXE9309014,,20230210,AB087,AB Store 087 - Grande Prairie,SKU66D0F37A,"23,99","21,59",PROMO76AA6400,1,"86,56"
TRX7C5F7A7B,CUSTE3EB6A22,20230210,AB102,AB Store 102 - Edmonton,SKU8A270E56,"34,99","34,99",,1,"107,95"
TRX15161295,,20230210,AB088,AB Store 088 - Airdrie,SKUD1DC19A5,"54,95","54,95",,1,"90,9"
TRX39A41ADA,,20230210,AB107,AB Store 107 - Grande Prairie,SKU670865F6,"17,99","8,99",PROMOA34667FA,1,"58,89"
TRX7E8265CC,CUST34226985,20230210,AB078,AB Store 078 - Lloydminster,SKU302BC15F,"27,99","13,99",PROMOA34667FA,1,"91,96"
TRX70053EC0,,20230210,AB034,AB Store 034 - Canmore,,0,0,,1,"30,95"
TRX63F909CA,,20230210,ABWEB01,Alberta Online Store 01,SKU2F8AF034,"27,96","27,96",,1,"27,96"
TRX897571EC,,20230210,ABWEB01,Alberta Online Store 01,SKUCCBC7CF7,"42,95","42,95",,1,"281,65"
TRXB88D6A10,,20230210,ABWEB01,Alberta Online Store 01,SKU14D57E96,"7,19","7,19",,1,"35,95"
TRX3955D9AA,CUST8D17B457,20230210,AB027,AB Store 027 - Grande Prairie,,"9,95","5,16",PROMOA15EE2E3,1,"76,85"
TRX2E3F10B0,,20230210,ABWEB01,Alberta Online Store 01,SKU4763D4ED,"29,95","29,95",,1,"29,95"
TRX2CEC70B9,,20230210,AB105,AB Store 105 - St. Albert,SKUC09B316C,"11,95","7,19",PROMO8A254670,1,"295,65"
TRXADABCDE9,,20230211,AB004,AB Store 004 - Lethbridge,SKU7BD90A6A,"59,95","59,95",,1,"504,4"
TRXA827E356,,20230211,AB097,AB Store 097 - Chestermere,,"49,95","49,95",,1,"95,9"
TRX65DD7E19,,20230211,AB010,AB Store 010 - Leduc,SKUA031ADE2,"29,98","29,98",,1,"124,9"
TRX28F423BD,,20230211,AB097,AB Store 097 - Chestermere,,"49,95","49,95",,1,"99,9"
TRX5F0BE496,,20230211,AB013,AB Store 013 - Banff,SKU99C02C01,"55,95","55,95",,1,"232,65"
TRX40057796,,20230211,AB086,AB Store 086 - Medicine Hat,SKU50B2E2F0,"24,95","24,95",,1,"124,88"
TRX669273A0,,20230211,AB103,AB Store 103 - Red Deer,SKUF042D39A,"9,95","5,16",PROMOA15EE2E3,1,"60,95"
TRXF5725A5F,,20230211,ABWEB01,Alberta Online Store 01,SKU8E12C60E,11,11,,1,110
TRX7EEE7FCD,,20230211,AB083,AB Store 083 - Red Deer,SKU4636D322,"54,95","54,95",,1,"170,8"
TRX39A731E0,,20230211,AB087,AB Store 087 - Grande Prairie,SKU8778AE53,"11,95","7,19",PROMO8A254670,1,"80,89"
TRX28EAE6F8,,20230211,AB105,AB Store 105 - St. Albert,SKU9E2863D9,"11,95","7,19",PROMO8A254670,1,"70,9"
TRX9F1EDC0B,CUST22827DDD,20230211,AB102,AB Store 102 - Edmonton,SKU7E33C743,"20,99","20,99",,1,"52,47"
TRX9E29F2F0,CUSTAF68EC61,20230211,AB055,AB Store 055 - Brooks,SKU6C388025,"32,95","32,95",,1,"311,55"
TRXCFCB9E1D,,20230211,AB011,AB Store 011 - Okotoks,SKU1C6F96F8,"21,99","10,99",PROMO55D9511E,1,"27,98"
TRXC8122FFA,,20230211,AB084,AB Store 084 - Lethbridge,SKUD941D405,"14,99","7,5",PROMOA34667FA,1,"36,98"
TRX36223D62,,20230211,AB077,AB Store 077 - Chestermere,,"11,95","7,19",PROMO8A254670,1,"59,93"
TRXEAE6D9D7,,20230211,AB032,AB Store 032 - Fort McMurray,,"5,95","5,95",,1,"5,95"
TRX871F8BD3,CUST3C40B4C4,20230211,AB039,AB Store 039 - Sherwood Park,SKUE98B2790,"19,99","19,99",,1,"64,94"
TRX48DFB116,,20230211,AB097,AB Store 097 - Chestermere,,"24,98","24,98",,1,"49,96"
TRX59928095,,20230211,AB004,AB Store 004 - Lethbridge,,"24,95","12,48",,1,"269,7"
TRXE1DF1F72,CUSTE77CB7A7,20230211,AB105,AB Store 105 - St. Albert,SKU0E4BA086,"17,99","9,02",PROMOA34667FA,1,"442,15"
TRX0A1796B2,,20230211,AB028,AB Store 028 - Airdrie,SKUC1331FF3,"52,95","52,95",,1,"85,9"
TRX10AC79D4,,20230211,AB034,AB Store 034 - Canmore,SKUB444278E,"9,95","5,16",PROMOA15EE2E3,1,"30,95"
TRX8C9969C8,,20230211,AB080,AB Store 080 - Wetaskiwin,SKUC8E32DA8,"19,99",10,PROMOA34667FA,1,"20,49"
TRX25A0199B,,20230211,AB016,AB Store 016 - Camrose,SKU62CC8661,"19,95","19,95",,1,"19,95"
TRX04AC0BE8,,20230211,AB092,AB Store 092 - Fort McMurray,SKU32E408BE,"21,99","10,99",PROMO55D9511E,1,"120,94"
TRX3D64AAC9,,20230211,AB037,AB Store 037 - Chestermere,SKU14D1C3BC,"24,95","13,61",,1,"84,9"
TRX4E1A62AA,CUSTF1D66D57,20230211,AB077,AB Store 077 - Chestermere,SKU2406592D,"9,95","5,16",PROMOA15EE2E3,1,"30,95"
TRX56DADB00,,20230211,AB097,AB Store 097 - Chestermere,,"11,95","7,19",PROMO8A254670,1,"47,94"
TRXFE1D20FB,,20230211,AB011,AB Store 011 - Okotoks,SKU692D8F2E,"9,95","2,94",PROMO01A6322C,1,10
TRX61A4680C,,20230211,AB092,AB Store 092 - Fort McMurray,SKU82D5A347,"30,99","15,49",PROMOA34667FA,1,"218,29"
TRX99C46725,CUST490DA3CD,20230211,AB015,AB Store 015 - Brooks,SKUDC240FC2,"55,95","55,95",,1,"414,59"
TRX5933877D,,20230211,AB012,AB Store 012 - Fort McMurray,SKU98FB19EA,"9,95","5,16",PROMOA15EE2E3,1,"30,95"
TRX0309202D,,20230211,AB104,AB Store 104 - Lethbridge,SKUA198AF81,"34,99","17,49",PROMOA34667FA,1,"17,49"
TRX116D46E6,,20230211,AB027,AB Store 027 - Grande Prairie,SKU1516A84C,"-47,24","-47,24",,-1,"-47,24"
TRXE53145A7,,20230211,AB009,AB Store 009 - Spruce Grove,SKU8FC459CE,"29,95","16,05",,1,"42,45"
TRX5DD7DCEA,,20230211,AB026,AB Store 026 - Medicine Hat,SKU535201D7,"21,99","10,99",PROMO55D9511E,1,"32,98"
TRXD89F7C1C,CUST4F48CF8D,20230211,AB014,AB Store 014 - Canmore,,"9,95","5,16",PROMOA15EE2E3,1,"326,65"
TRX58AC2AD5,,20230211,AB078,AB Store 078 - Lloydminster,SKUF170EC3B,3,3,,1,"65,48"
TRX099A072A,,20230211,ABWEB01,Alberta Online Store 01,SKU97748B27,"14,99","14,99",,1,"114,2"
TRXF3781198,,20230211,AB048,AB Store 048 - Airdrie,SKUF7DE931F,"49,95","49,95",,1,"135,85"
TRX3FBD4BBD,,20230211,AB078,AB Store 078 - Lloydminster,SKU86F69502,"24,95","24,95",,1,"320,62"
TRX73625963,CUST47C9F606,20230211,AB040,AB Store 040 - Wetaskiwin,SKU4B3FEFAB,"34,95","34,95",,1,"122,8"
TRX19F2EDD5,CUSTB0B2EC82,20230211,AB092,AB Store 092 - Fort McMurray,,"49,95","49,95",,1,"199,8"
TRXAB6AF3CF,,20230212,AB077,AB Store 077 - Chestermere,SKUE73436C5,"20,99","20,99",,1,"133,95"
TRX8513E176,CUSTE3B64A17,20230212,AB016,AB Store 016 - Camrose,SKUF29C1B5A,"9,95","5,16",PROMOA15EE2E3,1,"30,95"
TRXC2F8A8F7,CUST9D6E496C,20230212,AB017,AB Store 017 - Chestermere,SKU8661B537,"9,95","5,16",PROMOA15EE2E3,1,"125,85"
TRXC74759F1,,20230212,AB104,AB Store 104 - Lethbridge,SKUDEB92D32,"21,99","10,99",PROMO55D9511E,1,"84,46"
TRXF7C754BE,,20230212,AB081,AB Store 081 - Calgary,,"11,95","7,19",PROMO8A254670,1,"53,94"
TRXDF1CC210,,20230212,AB101,AB Store 101 - Calgary,SKU0BC62C0E,"27,99",14,PROMOA34667FA,1,"190,34"
TRX4F4CC1B0,CUST73A61DEB,20230212,AB009,AB Store 009 - Spruce Grove,SKUD4048117,"29,95","22,46",PROMOC07FAA79,1,"44,92"
TRX4AB46022,,20230212,AB016,AB Store 016 - Camrose,SKUA5AA47F3,"9,95","5,16",PROMOA15EE2E3,1,"85,9"
TRXFB70F3A8,,20230212,AB107,AB Store 107 - Grande Prairie,SKUFB2679B3,"11,99","11,99",,1,"95,89"
TRX1060C545,,20230212,AB048,AB Store 048 - Airdrie,SKUA13F231D,"19,95","9,98",,1,"19,95"
TRX9EB53784,,20230212,ABWEB01,Alberta Online Store 01,SKU3E0D86C3,"31,99","31,99",,1,"87,96"
TRX3F51586F,,20230212,AB056,AB Store 056 - Camrose,,"11,95","7,19",PROMO8A254670,1,"233,7"
TRXAB727C96,CUSTA0403B35,20230212,AB105,AB Store 105 - St. Albert,SKU19F72643,"-14,99","-14,99",,-1,"4,01"
TRX24F76953,,20230212,AB100,AB Store 100 - Wetaskiwin,,"44,95","44,95",,1,"103,89"
TRXA155B698,,20230212,AB097,AB Store 097 - Chestermere,SKU9D0CF793,"19,99","19,99",,1,"19,99"
TRX0119832E,,20230212,AB041,AB Store 041 - Calgary,,"9,95","5,16",PROMOA15EE2E3,1,"30,95"
TRX3D2E2259,,20230212,AB016,AB Store 016 - Camrose,SKU365F913D,"34,99","34,99",,1,"90,97"
TRX22A368D2,,20230212,AB087,AB Store 087 - Grande Prairie,SKU8F4243E6,"35,95","35,95",,1,"75,9"
TRX1A4658D2,CUST2C68785C,20230212,AB014,AB Store 014 - Canmore,SKU2747EA0A,"37,95","37,95",,1,"220,7"
TRX39801A91,,20230212,AB105,AB Store 105 - St. Albert,SKUFEB4B91A,"-34,99","-34,99",,-1,"37,91"
TRX53CA4A85,,20230212,ABWEB01,Alberta Online Store 01,SKUA8B4C039,"14,69","14,69",,1,"127,12"
TRX8FB69FBF,,20230212,AB056,AB Store 056 - Camrose,SKU3E4F1287,"-34,95","-34,95",,-1,0
TRXB97DED61,,20230212,AB104,AB Store 104 - Lethbridge,,"14,99","7,49",PROMOA34667FA,1,"51,47"
TRXE684C8BD,,20230212,ABWEB01,Alberta Online Store 01,SKUB08EB465,"17,49","17,49",,1,"135,87"
TRX8148CA5B,CUST5610DE28,20230212,AB107,AB Store 107 - Grande Prairie,SKUAC82F9AC,"-49,95","-49,95",,-1,"-49,95"
TRX7B77C5C2,,20230212,AB088,AB Store 088 - Airdrie,SKU79E0A08E,"9,95","5,16",PROMOA15EE2E3,1,"47,43"
TRXD4F44D0C,,20230212,AB102,AB Store 102 - Edmonton,SKU46C7372D,"21,99","11,01",PROMO55D9511E,1,"69,96"
TRX7404CD10,,20230212,AB097,AB Store 097 - Chestermere,SKU85B38E53,"19,99",10,PROMOA34667FA,1,"28,98"
TRX59FDDFF9,,20230212,AB004,AB Store 004 - Lethbridge,,"49,95","49,95",,1,"99,9"
TRXA2275E1E,,20230212,AB040,AB Store 040 - Wetaskiwin,,"11,95","7,19",PROMO8A254670,1,"73,9"
TRX06B9C7F6,,20230213,ABWEB01,Alberta Online Store 01,SKUDCEB6E02,"34,95","34,95",,1,"69,9"
TRX438D925C,,20230213,AB007,AB Store 007 - Grande Prairie,,"24,95","12,48",,1,"24,95"
TRXA8B9A7F9,,20230213,AB019,AB Store 019 - Sherwood Park,SKU279606B5,"-15,41","-15,41",,-1,"-7,87"
TRX12DA4E69,,20230213,ABWEB01,Alberta Online Store 01,SKU2A8234D7,"31,49","31,49",,1,"135,32"
TRXFF6EEF10,CUST18C31731,20230213,AB002,AB Store 002 - Edmonton,SKU47DC16DA,"11,95","7,19",PROMO8A254670,1,"170,8"
TRX8D464B88,,20230213,ABWEB01,Alberta Online Store 01,SKU007A9513,"44,95","44,95",,1,"164,8"
TRX990C7EB7,,20230213,ABWEB01,Alberta Online Store 01,SKU1702ED04,"22,49","22,49",,1,"110,41"
TRXD9DA1312,,20230213,ABWEB01,Alberta Online Store 01,SKUBCF183B0,11,11,,1,"123,77"
TRXD46727B2,,20230213,ABWEB01,Alberta Online Store 01,,"7,19","7,19",,1,"35,95"
TRXA4AA5FA7,CUST7DB8896F,20230213,AB083,AB Store 083 - Red Deer,SKUC9306BB0,"9,95","5,16",PROMOA15EE2E3,1,"138,77"
TRX268953DF,,20230213,AB105,AB Store 105 - St. Albert,,"49,95","49,95",,1,"111,85"
TRXFBD24EB0,,20230213,ABWEB01,Alberta Online Store 01,SKUD80A5DB1,"23,99","23,99",,1,"173,28"
TRXCC91AB79,,20230213,ABWEB01,Alberta Online Store 01,SKU37A67213,"29,95","29,95",,1,"202,81"
TRXD2ACB0E2,,20230213,ABWEB01,Alberta Online Store 01,,"10,32","10,32",,2,"61,91"
TRX693583D1,,20230213,ABWEB01,Alberta Online Store 01,SKUDC04D9AE,"29,95","29,95",,1,"99,85"
TRX92473EA3,,20230213,ABWEB01,Alberta Online Store 01,SKUC0D3FECD,"30,95","30,95",,1,"133,81"
TRX1E8147E8,,20230213,AB105,AB Store 105 - St. Albert,SKUC1C4BB9E,"19,99","19,99",,1,"237,9"
TRX6D6F4221,,20230213,ABWEB01,Alberta Online Store 01,SKU367B22B5,"75,95","75,95",,1,"227,75"
TRXC13404FC,,20230213,ABWEB01,Alberta Online Store 01,SKU868EA827,"9,95","9,95",,1,"40,91"
TRX4E538FC6,CUSTDE03774B,20230213,AB104,AB Store 104 - Lethbridge,SKU0F6AD80B,"-17,49","-17,49",,-1,"-17,49"
TRX171FC8C3,,20230213,ABWEB02,Alberta Online Store 02,SKU53421257,"9,95","9,95",,1,"107,8"
TRX6085CA0E,,20230213,AB023,AB Store 023 - Red Deer,,"5,98","5,98",,1,"82,42"
TRX6AE24F2C,,20230213,AB088,AB Store 088 - Airdrie,SKU38001C01,"-7,19","-7,19",,-1,"-35,95"
TRX2C6837DE,,20230213,AB038,AB Store 038 - Lloydminster,SKUF71F5350,"-11,24","-11,24",,-1,"-11,24"
TRXB429E511,,20230213,AB103,AB Store 103 - Red Deer,,11,11,,1,"151,84"
TRX2A7A9E3C,,20230213,ABWEB01,Alberta Online Store 01,SKU79E014A4,"16,19","16,19",,1,"148,87"
TRX06F040BB,CUSTFD539DB9,20230213,AB099,AB Store 099 - Sherwood Park,,"44,95","44,95",,1,"134,85"
TRX9D62A265,,20230213,AB088,AB Store 088 - Airdrie,SKUE4E7F33F,"26,95","26,95",,1,"79,38"
TRX2A9D25C2,,20230213,ABWEB01,Alberta Online Store 01,,"7,19","7,19",,1,"101,75"
TRXC1E38DE0,,20230213,AB039,AB Store 039 - Sherwood Park,SKU74A16FCF,"-17,99","-17,99",,-1,"-57,94"
TRX6C03A750,,20230213,ABWEB01,Alberta Online Store 01,,"54,95","54,95",,1,"92,94"
TRX4DF412F5,CUST5C1740A4,20230213,AB044,AB Store 044 - Lethbridge,SKUD73DB333,"32,95","32,95",,1,"52,9"
TRX3FE5C79C,,20230213,ABWEB01,Alberta Online Store 01,SKU289F9197,"22,49","22,49",,1,"88,71"
TRX6D5625CB,,20230213,AB102,AB Store 102 - Edmonton,SKUF5E7FAB1,"34,95","26,21",PROMOC07FAA79,1,"52,42"
TRX24E8CEB0,,20230213,AB004,AB Store 004 - Lethbridge,,"11,95","7,19",PROMO8A254670,1,"129,37"
TRX61894281,CUSTF5901C25,20230213,AB107,AB Store 107 - Grande Prairie,SKU2D78787F,"19,99","9,99",PROMOA34667FA,1,"-2,52"
TRX8CF15D03,CUST4908CC42,20230213,AB004,AB Store 004 - Lethbridge,,"9,95","5,16",PROMOA15EE2E3,1,"66,9"
TRX8AAC3E51,,20230213,AB049,AB Store 049 - Spruce Grove,SKUA6D1712E,"11,95","7,19",PROMO8A254670,1,"115,89"
TRX8B514C30,,20230213,AB033,AB Store 033 - Banff,,"11,95","7,19",PROMO8A254670,1,"35,95"
TRXB601843A,,20230213,ABWEB01,Alberta Online Store 01,SKU0FFB6D31,"23,96","23,96",,1,"99,87"
TRX51D566F2,,20230213,ABWEB01,Alberta Online Store 01,SKUD4EE6898,"39,95","39,95",,1,"79,9"
TRX2F4FC924,,20230213,ABWEB01,Alberta Online Store 01,SKU5A886935,"9,9","9,9",,1,"86,08"
TRXA109460E,,20230213,ABWEB01,Alberta Online Store 01,,"49,95","49,95",,1,"149,85"
TRX6E3B2DD0,,20230213,ABWEB01,Alberta Online Store 01,SKU1AFB6F7B,11,11,,1,"123,74"
TRX794F76AC,,20230213,ABWEB01,Alberta Online Store 01,SKU8D4162C0,"34,19","34,19",,1,"108,84"
TRX0E924DE8,,20230213,ABWEB01,Alberta Online Store 01,,"11,95","11,95",,1,"83,92"
TRX7839E280,,20230213,ABWEB01,Alberta Online Store 01,SKU0DF43F9C,"5,16","5,16",,1,"71,91"
TRX210D9783,CUST7F337CCF,20230213,AB047,AB Store 047 - Grande Prairie,SKU068B4F87,"-54,95","-54,95",,-1,"-124,88"
TRX8E5DB5A6,,20230214,AB027,AB Store 027 - Grande Prairie,,"37,95","37,95",,1,"75,9"
TRX3F813882,,20230214,ABWEB01,Alberta Online Store 01,SKU4DC76271,"21,69","21,69",,1,"88,49"
TRXD1B0C1CD,,20230214,AB101,AB Store 101 - Calgary,SKUF8A89803,"11,95","7,19",PROMO8A254670,1,"207,62"
TRX310397C1,,20230214,AB035,AB Store 035 - Brooks,SKU8519D4EB,"9,95","3,33",PROMO01A6322C,1,"94,95"
TRXF16205B5,,20230214,ABWEB01,Alberta Online Store 01,SKU88A1282A,"37,99","37,99",,1,"87,94"
TRX13BDF30C,,20230214,ABWEB01,Alberta Online Store 01,SKU767610F2,"11,99","11,99",,1,"34,97"
TRXBBBC08E5,,20230214,ABWEB01,Alberta Online Store 01,SKU5ADD479F,"5,16","5,16",,1,"30,96"
TRX9A708330,,20230214,AB078,AB Store 078 - Lloydminster,SKU40EDA442,"9,95","5,16",PROMOA15EE2E3,1,"30,95"
TRX229EE4FF,,20230214,ABWEB01,Alberta Online Store 01,SKUE8A9C2B4,"23,99","23,99",,1,"76,41"
TRX3DFB41A8,,20230214,AB031,AB Store 031 - Okotoks,SKU17BB50C5,"11,95","11,95",,1,"73,85"
TRXE59633CB,,20230214,AB001,AB Store 001 - Calgary,SKU6D41492F,"20,99","20,99",,1,"84,91"
TRX3C3882B4,CUST56FCBC8A,20230214,AB002,AB Store 002 - Edmonton,SKUD33A7091,"35,95","35,95",,1,"266,67"
TRXDD535A43,,20230214,AB107,AB Store 107 - Grande Prairie,SKU6E44C00E,"27,99","13,99",PROMOA34667FA,1,"71,96"
TRX46EF4D73,,20230214,AB103,AB Store 103 - Red Deer,SKU316D3737,"39,95","39,95",,1,"94,89"
TRXC37A211E,,20230214,AB011,AB Store 011 - Okotoks,SKU2F63DB4D,"12,99","12,99",,1,"48,94"
TRXE0240E27,CUST89C35C62,20230214,AB081,AB Store 081 - Calgary,SKU77E1DD8C,"17,99","17,99",,1,"83,96"
TRX58E450A5,,20230214,AB039,AB Store 039 - Sherwood Park,SKUA4621DCB,"11,95","7,19",PROMO8A254670,1,"165,6"
TRX869E9CA5,,20230214,ABWEB01,Alberta Online Store 01,,"5,16","5,16",,1,"25,8"
TRX0705C01A,,20230214,AB037,AB Store 037 - Chestermere,,"12,5","12,5",,1,"98,39"
TRXD0FEADAD,,20230214,AB013,AB Store 013 - Banff,,"49,95","49,95",,1,"174,83"
TRX5A6D9829,,20230214,ABWEB01,Alberta Online Store 01,SKU84345790,"32,95","32,95",,1,"207,7"
TRX0E52F49C,,20230214,AB087,AB Store 087 - Grande Prairie,SKUAE595A16,"17,99","8,99",PROMOA34667FA,1,"85,46"
TRXEF167A68,CUST5866DA69,20230214,AB006,AB Store 006 - Medicine Hat,SKUA6D1712E,"11,95","7,19",PROMO8A254670,1,"85,9"
TRXF281884E,,20230214,ABWEB01,Alberta Online Store 01,SKU464F4C9B,"27,99","27,99",,1,"81,96"
TRX48B207BB,,20230214,AB041,AB Store 041 - Calgary,SKU682F84DF,"11,95","7,19",PROMO8A254670,1,"125,85"
TRXA09AF78E,,20230214,ABWEB01,Alberta Online Store 01,SKU12BD7F9C,"39,95","39,95",,1,"78,93"
TRXF53EED32,,20230214,ABWEB01,Alberta Online Store 01,SKU79744E1E,"-24,99","-24,99",,-1,"-52,98"
TRX4B60ABBC,,20230214,ABWEB01,Alberta Online Store 01,SKUD9D6C25E,"39,95","39,95",,1,"99,85"
TRX67B7C542,,20230214,AB101,AB Store 101 - Calgary,SKUE7516FD5,"7,99","3,99",PROMOA34667FA,1,"26,48"
TRXE1D1BDBA,,20230214,ABWEB01,Alberta Online Store 01,SKU28B8C5B0,"30,99","30,99",,1,"46,38"
TRX0CD6A179,,20230214,ABWEB01,Alberta Online Store 01,SKU95F9C68E,"39,95","39,95",,1,"82,9"
TRXE278863D,,20230214,ABWEB01,Alberta Online Store 01,SKU307703C7,"17,49","17,49",,1,"50,49"
TRXBCF71381,,20230214,AB101,AB Store 101 - Calgary,SKU5E18C36C,"9,95",3,PROMO6EBF2B4B,1,30
TRX56CC131B,,20230214,AB056,AB Store 056 - Camrose,,"44,95","44,95",,1,"206,74"
TRX7AC74215,,20230214,ABWEB01,Alberta Online Store 01,SKUA7968539,"49,95","49,95",,1,"139,85"
TRX763D8360,CUST4A82BACD,20230214,AB081,AB Store 081 - Calgary,SKU356CAA2C,"15,99","15,99",,1,"15,99"
TRX3ED64DC1,,20230214,AB012,AB Store 012 - Fort McMurray,,"9,95","9,95",,1,"37,94"
TRX1B886332,CUST6793A05A,20230214,AB047,AB Store 047 - Grande Prairie,SKUB2547AF0,"-49,95","-49,95",,-1,"24,95"
TRXF704A6E1,,20230214,ABWEB01,Alberta Online Store 01,,"9,98","9,98",,1,"19,96"
TRX5270618C,,20230214,AB023,AB Store 023 - Red Deer,,"9,95","5,15",PROMOA15EE2E3,1,"96,93"
TRX694E3BDE,CUSTC2D0955E,20230215,AB023,AB Store 023 - Red Deer,SKU6C174ECD,"39,95","39,95",,1,"361,49"
TRX44D8AB36,,20230215,AB097,AB Store 097 - Chestermere,,"34,95","34,95",,1,"131,87"
TRX159E0885,,20230215,AB077,AB Store 077 - Chestermere,SKU60B898BF,"9,95","5,16",PROMOA15EE2E3,1,"106,82"
TRXFD0B986C,,20230215,ABWEB01,Alberta Online Store 01,SKU8FFC7FFB,"21,56","21,56",,1,"21,56"
TRX8C334388,,20230215,ABWEB01,Alberta Online Store 01,SKU7B8F8435,"42,95","42,95",,1,"72,9"
TRXC1ECDEFE,,20230215,AB023,AB Store 023 - Red Deer,SKUA545D2A0,"29,95","29,95",,1,"367,45"
TRXD8029B43,,20230215,ABWEB01,Alberta Online Store 01,SKU423C69C7,"-29,99","-29,99",,-1,"-29,99"
TRXFFEF350B,CUST303CABC7,20230215,ABWEB01,Alberta Online Store 01,SKU6FCCB545,"-27,83","-27,83",,-1,"-237,59"
TRXBFAB9175,,20230215,ABWEB01,Alberta Online Store 01,SKUA2125F1F,"5,16","5,16",,1,"66,91"
TRX12C4691C,CUST06AFD656,20230215,AB015,AB Store 015 - Brooks,SKUE991006D,"29,95","22,46",PROMOC07FAA79,1,"44,92"
TRX8973FC8A,,20230215,AB104,AB Store 104 - Lethbridge,SKUDEB92D32,"-10,99","-10,99",,-1,"8,99"
TRX77550B4F,CUST4DC76244,20230215,AB088,AB Store 088 - Airdrie,SKUF0563476,"9,95","5,15",PROMOA15EE2E3,1,"82,85"
TRX9B38CD28,,20230215,ABWEB01,Alberta Online Store 01,SKUC8C98986,"21,99","21,99",,2,"109,95"
TRX4FFA83AE,CUST8AE99280,20230215,AB087,AB Store 087 - Grande Prairie,SKUCC2ACE6E,"11,99","5,99",PROMOA34667FA,1,"5,99"
TRX5F06D17C,,20230215,AB077,AB Store 077 - Chestermere,SKUE2778916,"39,95","39,95",,1,"39,95"
TRX02CABAA1,CUST737F2D02,20230215,AB107,AB Store 107 - Grande Prairie,SKUDF8B9A86,"21,99","10,99",PROMO55D9511E,1,"29,48"
TRXCF90ABD6,,20230215,ABWEB01,Alberta Online Store 01,,"42,96","42,96",,1,"78,91"
TRX547EF24B,,20230215,AB080,AB Store 080 - Wetaskiwin,SKU9E583ADE,"21,99","11,02",PROMO55D9511E,1,"76,96"
TRX028A85EB,,20230215,AB102,AB Store 102 - Edmonton,SKU40EFE428,"41,99","41,99",,1,"61,94"
TRX4C682209,CUSTF30CC867,20230215,AB009,AB Store 009 - Spruce Grove,SKUF817E829,"9,95","5,16",PROMOA15EE2E3,1,"30,95"
TRXA9B7F012,,20230215,AB101,AB Store 101 - Calgary,SKU86CB428F,"24,95","24,95",,1,"263,17"
TRXF0691C04,,20230215,AB081,AB Store 081 - Calgary,SKUC09B316C,"11,95","7,19",PROMO8A254670,1,"135,85"
TRX4C9CEA39,,20230215,ABWEB01,Alberta Online Store 01,,"39,95","39,95",,1,"98,86"
TRXFB4611F7,CUSTD7242C04,20230215,AB105,AB Store 105 - St. Albert,SKU2FF9CBA4,"34,99","17,49",PROMOA34667FA,1,"122,95"
TRXF0DC837F,,20230215,AB048,AB Store 048 - Airdrie,,10,10,,1,10
TRXB460F62B,,20230215,ABWEB01,Alberta Online Store 01,SKUF6F6F0DB,"34,99","34,99",,1,"69,98"
TRXDCA949DA,,20230215,AB102,AB Store 102 - Edmonton,SKUADF64718,"11,95","7,19",PROMO8A254670,1,"178,29"
TRX09F58DA1,,20230215,ABWEB01,Alberta Online Store 01,SKUC8138C43,11,11,,1,99
TRXC934E574,,20230215,AB087,AB Store 087 - Grande Prairie,SKU415A24D2,"42,95","42,95",,1,"69,93"
TRX89035DAA,,20230215,AB084,AB Store 084 - Lethbridge,SKU0384ED10,"-21,69","-21,69",,-1,0
TRX2A8ECD88,,20230215,AB100,AB Store 100 - Wetaskiwin,,"9,95","5,16",PROMOA15EE2E3,1,"65,94"
TRXE1555A3E,,20230215,AB034,AB Store 034 - Canmore,SKUA01440B2,"54,95","54,95",,1,0
TRX1BB8DA72,,20230215,AB078,AB Store 078 - Lloydminster,SKUE96C7E3B,"34,95","34,95",,1,"47,94"
TRXA2E5153F,,20230215,AB077,AB Store 077 - Chestermere,SKU4C7D96DA,"9,95","5,16",PROMOA15EE2E3,1,"65,94"
TRX483A277E,,20230215,ABWEB01,Alberta Online Store 01,SKUB3AEBFE9,"54,98","54,98",,5,"146,21"
TRX588AE044,,20230215,AB086,AB Store 086 - Medicine Hat,SKU2229850E,"19,99",10,PROMOA34667FA,1,"27,48"
TRX9559123A,,20230216,AB055,AB Store 055 - Brooks,SKUAC96DDCE,"29,99","14,99",PROMO55D9511E,1,"14,99"
TRXE2ADC5F7,CUST6F940183,20230216,AB092,AB Store 092 - Fort McMurray,SKU750EC1AE,"11,99",6,PROMOA34667FA,1,"21,49"
TRX64BA1CE7,,20230216,AB021,AB Store 021 - Calgary,SKUCA0CA77B,"26,95","26,95",,1,"26,95"
TRX30F51670,CUSTC7D566F8,20230216,AB088,AB Store 088 - Airdrie,SKU91D64062,"39,95","39,95",,1,"206,69"
TRXC14B8FC1,,20230216,AB046,AB Store 046 - Medicine Hat,SKU7F700A79,"11,95","7,19",PROMO8A254670,1,"35,95"
TRXAA1479DC,,20230216,AB105,AB Store 105 - St. Albert,SKUDFBDDF07,"4,98","4,98",,1,"59,78"
TRXD6A39B5F,,20230216,AB040,AB Store 040 - Wetaskiwin,SKU36921470,"11,95","7,19",PROMO8A254670,1,"155,8"
TRX560B0C63,,20230216,ABWEB01,Alberta Online Store 01,SKU9916C345,20,20,,2,20
TRX45347D20,,20230216,AB037,AB Store 037 - Chestermere,,"44,95","44,95",,1,"89,9"
TRXCE95910E,CUSTE8BF6187,20230216,AB017,AB Store 017 - Chestermere,,"11,95","7,19",PROMO8A254670,1,"70,94"
TRXDEFB6673,CUSTF3F84DCD,20230216,AB044,AB Store 044 - Lethbridge,,"11,95","7,19",PROMO8A254670,1,"35,95"
TRXAEB03204,,20230216,AB011,AB Store 011 - Okotoks,SKU451A5DCA,"9,95","2,94",PROMO01A6322C,1,20
TRXC2DFABFD,,20230216,ABWEB01,Alberta Online Store 01,SKU2CCC89FB,"45,95","45,95",,1,"45,95"
TRX36A9581C,,20230216,AB080,AB Store 080 - Wetaskiwin,SKU894865C4,"19,99","9,99",PROMOA34667FA,1,"714,21"
TRX541AD705,,20230216,AB027,AB Store 027 - Grande Prairie,SKUC382E664,"39,95","39,95",,1,"84,9"
TRX0D67AC9E,,20230216,AB101,AB Store 101 - Calgary,SKU14C5A5B0,"11,95","3,22",PROMO6EBF2B4B,1,"43,49"
TRXDED7AD5F,,20230216,AB092,AB Store 092 - Fort McMurray,SKUDBD118F0,"9,95","5,15",PROMOA15EE2E3,1,"30,95"
TRX8E97AB29,CUST20248BA4,20230216,AB052,AB Store 052 - Fort McMurray,,"34,95","34,95",,1,"239,65"
TRX387A56D7,,20230216,AB107,AB Store 107 - Grande Prairie,SKU58484788,"17,99","8,99",PROMOA34667FA,1,"38,97"
TRX916CF70D,,20230216,ABWEB01,Alberta Online Store 01,SKUA08B749A,"11,99","11,99",,1,"103,9"
TRXA714BBD2,CUST1195BBC4,20230216,AB004,AB Store 004 - Lethbridge,SKUB9B2FF9A,"19,99","19,99",,1,"155,83"
TRXE30B383D,,20230216,AB081,AB Store 081 - Calgary,,"11,95","7,19",PROMO8A254670,1,"141,32"
TRX06427E47,,20230216,AB033,AB Store 033 - Banff,SKUB33708F2,"34,95","34,95",,1,"152,7"
TRXB72EAE93,CUST8A533DC8,20230216,AB085,AB Store 085 - St. Albert,SKU64A612AC,"29,95","29,95",,1,"59,9"
TRX4E24E12F,,20230216,AB104,AB Store 104 - Lethbridge,SKUAE7C57CB,"25,99","25,99",,1,"51,97"
TRXF0382FEE,,20230216,ABWEB01,Alberta Online Store 01,SKU2FD361D1,"19,99","19,99",,1,"74,94"
TRXD0FCB999,CUSTC2119B16,20230216,AB027,AB Store 027 - Grande Prairie,SKU5704ADB7,"29,95","29,95",,1,"139,8"
TRX6CFF98AA,,20230216,AB055,AB Store 055 - Brooks,SKU5C0DA6DA,"11,95","7,19",PROMO8A254670,1,"79,92"
TRX77318FE3,,20230216,AB077,AB Store 077 - Chestermere,SKUBCC3440B,"23,99","23,99",,1,"129,91"
TRX1BF62A99,,20230216,ABWEB01,Alberta Online Store 01,SKU9B7369A7,"59,95","59,95",,1,"148,89"
TRX96D5678E,,20230216,AB032,AB Store 032 - Fort McMurray,SKUD27A2962,"-45,95","-45,95",,-1,"-125,85"
TRX16A23CF1,CUST34721D0D,20230216,AB080,AB Store 080 - Wetaskiwin,SKUBFB65899,"34,99","17,49",PROMO55D9511E,1,"65,47"
TRXB1AAFF4C,CUST43517832,20230216,AB001,AB Store 001 - Calgary,SKU501D5B9A,"9,95","5,15",PROMOA15EE2E3,1,"93,89"
TRX04BB04C4,,20230216,AB016,AB Store 016 - Camrose,,"11,95","7,19",PROMO8A254670,1,"35,95"
TRXF92AA0E8,,20230216,AB015,AB Store 015 - Brooks,SKUFCA79A48,"29,95","29,95",,1,"79,85"
TRXDFCC5696,,20230216,AB002,AB Store 002 - Edmonton,SKU63E6076A,"37,95","37,95",,1,"239,65"
TRX9366588E,,20230216,ABWEB01,Alberta Online Store 01,SKU0FCAE438,"-34,99","-34,99",,-1,"-93,56"
TRXAE5BFD1B,,20230216,AB105,AB Store 105 - St. Albert,SKU7AADC8B7,"9,99","4,99",PROMOA34667FA,1,"125,44"
TRX255F5229,,20230216,AB032,AB Store 032 - Fort McMurray,SKU301EF176,"-45,95","-45,95",,-1,"-45,95"
TRXDC9358D2,,20230216,AB038,AB Store 038 - Lloydminster,SKU1E6A77C0,"34,99","34,99",,1,"711,41"
TRX01D2CF4A,,20230216,AB004,AB Store 004 - Lethbridge,,"9,95","5,15",PROMOA15EE2E3,1,"90,86"
TRX576D7AD7,,20230216,ABWEB01,Alberta Online Store 01,SKU446EC345,"10,49","10,49",,1,"111,05"
TRXF615D2C6,,20230216,AB085,AB Store 085 - St. Albert,SKU7E39C912,"37,99","18,99",PROMOA34667FA,1,"167,88"
TRX6D8BF546,CUSTBBDC814B,20230216,AB038,AB Store 038 - Lloydminster,SKU8A29CAE2,"5,16","5,16",,1,"30,96"
TRX734AAE3D,,20230216,AB081,AB Store 081 - Calgary,SKUB9888592,"27,99","13,99",PROMOA34667FA,1,"64,96"
TRXE0873E18,,20230217,ABWEB01,Alberta Online Store 01,SKU81C807E8,"-12,59","-12,59",,-1,"-25,18"
TRXF305336A,,20230217,AB101,AB Store 101 - Calgary,,"29,95","22,46",PROMOC07FAA79,1,"71,9"
TRX50E972E8,,20230217,ABWEB01,Alberta Online Store 01,SKUAEDDD375,11,11,,1,22
TRXA4E41608,,20230217,AB033,AB Store 033 - Banff,SKU354629AD,"11,95","7,19",PROMO8A254670,1,"80,9"
TRX945B9C6B,,20230217,ABWEB01,Alberta Online Store 01,SKU12BD7F9C,"39,95","39,95",,1,"164,85"
TRX762B2309,CUST45DC0E27,20230217,AB042,AB Store 042 - Edmonton,SKU65CFA070,"49,95","49,95",,1,"144,8"
TRXE9D60016,,20230217,AB094,AB Store 094 - Canmore,SKUB23D6DC4,"27,99","14,01",PROMOA34667FA,1,"36,48"
TRXDA98303B,,20230217,ABWEB01,Alberta Online Store 01,SKUA5A37AC9,"16,19","16,19",,1,"92,54"
TRXD91AD6AA,,20230217,AB105,AB Store 105 - St. Albert,,"11,95","7,19",PROMO8A254670,1,"188,78"
TRX09E1519E,,20230217,AB016,AB Store 016 - Camrose,SKU12721D22,"11,95","7,19",PROMO8A254670,1,"191,75"
TRXAF7B0FFB,,20230217,AB093,AB Store 093 - Banff,SKU3E9A7855,"13,99","13,99",,1,"75,44"
TRXA177DCF3,CUSTB4162FEF,20230217,AB042,AB Store 042 - Edmonton,SKUCD0884B3,"2,99","2,24",PROMOFCD5427E,1,"98,62"
TRXABF60016,,20230217,ABWEB01,Alberta Online Store 01,SKU7FB36B45,11,11,,1,"78,41"
TRXD3593585,,20230217,AB077,AB Store 077 - Chestermere,SKUD6780916,"37,95","37,95",,1,"168,83"
TRXC6EB4B2A,,20230217,AB104,AB Store 104 - Lethbridge,SKUC09B8F2B,"27,99","27,99",,1,"52,98"
TRXCB03E716,,20230217,ABWEB01,Alberta Online Store 01,SKUF733267B,"5,16","5,16",,1,"97,86"
TRX03E319D1,,20230217,AB107,AB Store 107 - Grande Prairie,SKUFA869A5E,"11,95","7,19",PROMO8A254670,1,"65,44"
TRX3E40B80F,,20230217,ABWEB01,Alberta Online Store 01,SKUFEC0C20B,"7,19","7,19",,1,"71,8"
TRX89D4778E,,20230217,ABWEB01,Alberta Online Store 01,SKU9A6D130C,"29,95","29,95",,1,"230,75"
TRX9CA6F25A,,20230217,AB104,AB Store 104 - Lethbridge,SKU54A8467F,"13,99","13,99",,1,"202,81"
TRXDA3B5F0C,,20230217,AB040,AB Store 040 - Wetaskiwin,SKU905B98AF,"14,98","14,98",,1,"54,94"
TRX23F9CC94,,20230217,ABWEB01,Alberta Online Store 01,,"22,46","22,46",,1,"96,84"
TRXE3B8066C,CUST5F2F4534,20230217,ABWEB01,Alberta Online Store 01,SKUC7BBA3E7,30,30,,1,"149,99"
TRXCE36DF08,,20230217,AB032,AB Store 032 - Fort McMurray,,"9,95","5,16",PROMOA15EE2E3,1,"-0,01"
TRX5C40E2F7,CUST1EA4B0FC,20230217,AB040,AB Store 040 - Wetaskiwin,,"-7,19","-7,19",,-1,0
TRXDC036E26,,20230218,AB103,AB Store 103 - Red Deer,SKU85D1DF85,"35,95","35,95",,1,"187,8"
TRXC283EDCC,,20230218,AB038,AB Store 038 - Lloydminster,,"11,95","7,19",PROMO8A254670,1,"115,85"
TRX6008AE87,,20230218,AB088,AB Store 088 - Airdrie,SKU3313CB6E,"9,95","5,15",PROMOA15EE2E3,1,"30,95"
TRX0A168F57,CUST3EB0C4FD,20230218,AB107,AB Store 107 - Grande Prairie,SKUF87A74BC,"27,99","27,99",,1,"27,99"
TRX0CF7C720,,20230218,AB077,AB Store 077 - Chestermere,SKU20A10F1A,"14,69","14,69",,1,"84,59"
TRXEE8340AA,,20230218,AB037,AB Store 037 - Chestermere,SKUCC791A91,"24,95","24,95",,1,"51,9"
TRXE866EF3F,,20230218,AB039,AB Store 039 - Sherwood Park,SKU2F8AF034,"34,95","34,95",,1,"210,75"
TRXCAFA37ED,,20230218,AB031,AB Store 031 - Okotoks,SKU9C1E45AC,"21,99","10,99",PROMO55D9511E,1,"21,99"
TRXE30EEE36,,20230218,AB105,AB Store 105 - St. Albert,SKU70FD2FAF,"9,95",3,PROMO6EBF2B4B,1,"88,97"
TRXCCC3113E,,20230218,AB012,AB Store 012 - Fort McMurray,SKUA14C28B3,"5,15","5,15",,1,"143,75"
TRX84F98AC0,,20230218,AB087,AB Store 087 - Grande Prairie,SKU69F48CD8,"19,98","19,98",,1,"156,24"
TRX0373E3C4,CUSTC44F074D,20230218,AB002,AB Store 002 - Edmonton,SKU6D92E46D,"59,95","59,95",,1,"95,9"
TRXFD5AFDC9,,20230218,AB027,AB Store 027 - Grande Prairie,,"9,95","5,16",PROMOA15EE2E3,1,"30,95"
TRX68764E41,,20230218,AB047,AB Store 047 - Grande Prairie,SKU6FD58DDE,"45,95","45,95",,1,"91,9"
TRXA0B53B29,,20230218,AB107,AB Store 107 - Grande Prairie,SKU83FCB066,"9,99","4,99",PROMOA34667FA,1,"55,46"
TRX4709E0CF,,20230218,AB032,AB Store 032 - Fort McMurray,,"11,95","7,19",PROMO8A254670,1,"35,95"
TRX360BD753,,20230218,AB104,AB Store 104 - Lethbridge,SKU757A6E66,"-29,95","-29,95",,-1,"-218,75"
TRXA09F98D2,,20230218,AB078,AB Store 078 - Lloydminster,,"34,95","34,95",,1,"34,95"
TRX0288AC54,,20230218,AB039,AB Store 039 - Sherwood Park,SKU00C922F0,"9,95","5,16",PROMOA15EE2E3,1,"41,94"
TRX12217219,,20230218,AB107,AB Store 107 - Grande Prairie,SKUF978A7C0,"20,99","10,49",PROMOA34667FA,1,"76,42"
TRX6DBBF015,CUSTDE714A78,20230218,AB048,AB Store 048 - Airdrie,SKU3BC4EBCD,"35,95","35,95",,1,"68,9"
TRXE07FEA41,,20230218,AB077,AB Store 077 - Chestermere,SKUC0D17F40,"19,99","9,99",PROMOA34667FA,1,"55,97"
TRXC9D21C00,,20230218,AB034,AB Store 034 - Canmore,SKU3A9040AA,"26,95","26,95",,1,"375,45"
TRXFAD6E08F,CUSTD3063785,20230218,AB039,AB Store 039 - Sherwood Park,SKU17CFBF77,"30,99","30,99",,1,"73,97"
TRX19774257,,20230218,AB004,AB Store 004 - Lethbridge,,"9,95","5,16",PROMOA15EE2E3,1,"30,95"
TRX66895327,,20230218,ABWEB01,Alberta Online Store 01,SKUAC4DA61C,"11,99","11,99",,1,"122,92"
TRXF45C374C,CUST42C84B8F,20230218,AB049,AB Store 049 - Spruce Grove,SKU12721D22,"11,95","7,19",PROMO8A254670,1,"66,9"
TRX2683FE8B,,20230218,AB026,AB Store 026 - Medicine Hat,SKU8F40E44B,"29,95","29,95",,1,"285,6"
TRX8CD537F7,,20230218,AB102,AB Store 102 - Edmonton,SKU60286230,"9,95","5,16",PROMOA15EE2E3,1,"138,34"
TRXBAF096FB,,20230218,AB001,AB Store 001 - Calgary,SKU86CB428F,"24,95","24,95",,1,"146,8"
TRX422C5596,CUST0041088E,20230218,AB086,AB Store 086 - Medicine Hat,SKU3D6E6E67,"59,95","59,95",,1,"283,24"
TRX53967776,,20230218,AB078,AB Store 078 - Lloydminster,SKUE4BDAEB5,"27,99","27,99",,1,"92,93"
TRXA700C4D0,CUST6BCC41D5,20230218,AB092,AB Store 092 - Fort McMurray,SKU0784AFE2,"11,99","11,99",,1,"53,47"
TRXBF05632F,,20230218,AB107,AB Store 107 - Grande Prairie,,"11,95","7,19",PROMO8A254670,1,"262,17"
TRX9E056A06,,20230218,AB095,AB Store 095 - Brooks,SKU14C90769,"-34,95","-34,95",,-1,0
TRXFF12A50B,CUST831C1410,20230218,AB097,AB Store 097 - Chestermere,SKUCF10277D,"11,95","7,19",PROMO8A254670,1,"66,9"
TRXD0699E07,CUSTA0A2C7D5,20230218,AB040,AB Store 040 - Wetaskiwin,SKU39B3AF33,"9,95","5,16",PROMOA15EE2E3,1,"40,95"
TRXD9DBE144,,20230218,AB095,AB Store 095 - Brooks,SKU8493556D,"19,99","19,99",,1,"48,47"
TRX890EAC8E,CUST735E522B,20230218,AB039,AB Store 039 - Sherwood Park,SKU4D394815,"9,95","5,16",PROMOA15EE2E3,1,"321,44"
TRX022628F2,,20230218,AB105,AB Store 105 - St. Albert,SKU44DA6279,"34,99","17,51",PROMOA34667FA,1,"41,98"
TRXC283EDCC,,20230218,AB038,AB Store 038 - Lloydminster,SKU17E2CE2E,"11,95","7,19",PROMO8A254670,1,"115,85"
TRXF5B53A74,,20230218,ABWEB01,Alberta Online Store 01,SKUD7EF6652,"55,95","55,95",,1,"181,8"
TRX3D384B8A,,20230218,AB087,AB Store 087 - Grande Prairie,,"29,95","22,46",PROMOC07FAA79,1,"182,79"
TRXE7AE9D8F,,20230218,AB092,AB Store 092 - Fort McMurray,SKU58E1AFD0,"9,95",3,PROMO6EBF2B4B,1,"114,46"
TRX0098150F,,20230218,AB004,AB Store 004 - Lethbridge,SKU21EE75D4,"9,95","5,16",PROMOA15EE2E3,1,"70,9"
TRXA523CB0D,,20230218,AB038,AB Store 038 - Lloydminster,SKUD9850183,"29,95","29,95",,1,"102,85"
TRX2683FE8B,,20230218,AB026,AB Store 026 - Medicine Hat,,10,10,,1,"285,6"
TRXF2E67723,,20230219,AB026,AB Store 026 - Medicine Hat,SKU4E45C020,"12,48","12,48",,1,"-22,44"
TRX61C11DBC,,20230219,AB102,AB Store 102 - Edmonton,SKU6ECF1CF7,"9,95","5,16",PROMOA15EE2E3,1,"30,95"
TRX0C6EF7D3,,20230219,AB093,AB Store 093 - Banff,SKU438248FF,"11,95","7,19",PROMO8A254670,1,"35,95"
TRX23D9685A,,20230219,AB086,AB Store 086 - Medicine Hat,SKU375954F5,"2,99","2,25",PROMOFCD5427E,1,"40,96"
TRXB7EE256B,CUSTB2C21651,20230219,AB103,AB Store 103 - Red Deer,,"9,95","5,16",PROMOA15EE2E3,1,"30,95"
TRXB7AB645B,,20230219,AB006,AB Store 006 - Medicine Hat,SKU42CB445F,"54,95","54,95",,1,"104,9"
TRXC964E182,CUSTD300D65C,20230219,AB083,AB Store 083 - Red Deer,SKUA7BC93E4,"9,95","5,14",PROMOA15EE2E3,1,"101,85"
TRX23D9685A,,20230219,AB086,AB Store 086 - Medicine Hat,SKU5805EC58,"14,99","7,5",PROMOA34667FA,1,"40,96"
TRXBA1A26E2,,20230219,AB077,AB Store 077 - Chestermere,SKU6A73BACE,"20,99","20,99",,1,"95,45"
TRXD6400554,,20230219,AB047,AB Store 047 - Grande Prairie,SKUE1504D1A,"29,95","29,95",,1,"332,55"
TRX10AB8406,CUST70226E6B,20230219,AB009,AB Store 009 - Spruce Grove,,"34,95","34,95",,1,"141,8"
TRX1A99D80E,,20230219,AB004,AB Store 004 - Lethbridge,,"11,95","7,19",PROMO8A254670,1,"185,75"
TRX45D2D9A1,CUSTC63472F6,20230219,AB078,AB Store 078 - Lloydminster,SKUCFF6FB47,"9,95","5,16",PROMOA15EE2E3,1,"30,95"
TRXF07D0C68,CUST9E324EF1,20230219,AB105,AB Store 105 - St. Albert,SKU1F3CCDDA,"21,99","10,99",PROMO55D9511E,1,"113,93"
TRX3B7315DB,,20230219,AB041,AB Store 041 - Calgary,,"9,95","5,15",PROMOA15EE2E3,1,"75,9"
TRX1A652437,,20230219,AB038,AB Store 038 - Lloydminster,SKU313A8E7E,"39,95","39,95",,1,"142,83"
TRX0E1D923B,,20230219,AB099,AB Store 099 - Sherwood Park,,"9,95","5,16",PROMOA15EE2E3,1,"30,95"
TRXA67429F9,CUST1A63DD41,20230219,AB012,AB Store 012 - Fort McMurray,SKUE0A453E8,"9,95","5,16",PROMOA15EE2E3,1,"30,95"
TRX8DA67648,,20230219,AB085,AB Store 085 - St. Albert,SKU506C5ECB,"14,99","7,53",PROMOA34667FA,1,"65,46"
TRX327BA1AF,,20230219,ABWEB01,Alberta Online Store 01,SKU2E505ECE,"43,39","43,39",,2,"73,38"
TRXE0817758,,20230219,AB046,AB Store 046 - Medicine Hat,SKUF1207ECE,"24,95","24,95",,1,"24,95"
TRX3C2460BD,,20230219,AB021,AB Store 021 - Calgary,SKU57626989,"-34,99","-34,99",,-1,"-43,99"
TRXBF46468D,,20230219,AB100,AB Store 100 - Wetaskiwin,SKUA90C7BA7,"39,95","39,95",,1,"172,8"
TRX3DECDA01,,20230219,AB004,AB Store 004 - Lethbridge,SKUDBD85EE7,"9,95","5,16",PROMOA15EE2E3,1,"66,9"
TRXE5E69A3E,CUST640AD187,20230219,AB048,AB Store 048 - Airdrie,SKUAEBE5BD9,"25,95","25,95",,1,"25,95"
TRX13F8F041,CUSTAA85F144,20230219,AB092,AB Store 092 - Fort McMurray,SKU8EEC685E,"31,99",16,PROMO55D9511E,1,"77,98"
TRX169E8BB7,,20230219,AB087,AB Store 087 - Grande Prairie,SKU9C596CF6,"39,95","39,95",,1,"139,8"
TRX81479691,,20230219,AB105,AB Store 105 - St. Albert,SKUABBBD4AC,"14,99","7,49",PROMOA34667FA,1,"78,95"
TRX5BCBD56A,,20230219,AB002,AB Store 002 - Edmonton,SKU2295BB2C,"11,95","7,19",PROMO8A254670,1,"35,95"
TRX65636266,,20230219,AB097,AB Store 097 - Chestermere,SKU12BD7F9C,"39,95","39,95",,1,"87,89"
TRX0E21E582,,20230219,AB104,AB Store 104 - Lethbridge,SKU594A3EB5,"21,99","10,99",PROMO55D9511E,1,"10,99"
TRX6B5BB557,,20230219,AB103,AB Store 103 - Red Deer,SKUCE91FC95,"-24,95","-24,95",,-1,"-38,9"
TRX931996AA,,20230219,AB039,AB Store 039 - Sherwood Park,SKU999EBE9A,"39,95","39,95",,1,"63,9"
TRX8D3D1A01,,20230219,AB038,AB Store 038 - Lloydminster,SKU738D2867,"29,95","22,46",PROMOFCD5427E,1,"22,46"
TRXC3D9CBA8,,20230219,AB033,AB Store 033 - Banff,SKUF5C99FD1,"44,95","44,95",,1,"375,5"
TRX2A3280F6,CUSTBF929077,20230219,AB087,AB Store 087 - Grande Prairie,SKUEC407FA4,"11,95","3,4",PROMO6EBF2B4B,1,"74,92"
TRXE1B14017,CUST83392A8B,20230220,AB087,AB Store 087 - Grande Prairie,SKU06825534,"37,99","18,99",PROMOA34667FA,1,"54,94"
TRX031F887F,,20230220,AB047,AB Store 047 - Grande Prairie,SKU9751E106,"9,95","5,16",PROMOA15EE2E3,1,"137,75"
TRX8FB1542A,,20230220,AB103,AB Store 103 - Red Deer,,"34,95","34,95",,1,"34,95"
TRX0E7FC495,,20230220,ABWEB01,Alberta Online Store 01,SKUC9BA9B66,"55,95","55,95",,1,"55,95"
TRX9C67E9C2,,20230220,ABWEB01,Alberta Online Store 01,,"5,16","5,16",,1,"30,96"
TRX4DB0825F,,20230220,AB107,AB Store 107 - Grande Prairie,SKU99A8519B,"9,95","2,95",PROMO6EBF2B4B,1,"106,92"
TRXE3F47200,,20230220,ABWEB01,Alberta Online Store 01,,"14,38","14,38",,2,"151,8"
TRXB3D95CDB,,20230220,ABWEB01,Alberta Online Store 01,SKUDD4FC5B0,"18,99","18,99",,1,"129,09"
TRX7758B15D,,20230220,ABWEB01,Alberta Online Store 01,SKUF8BFB56A,"29,98","29,98",,2,"309,66"
TRXE4E3DC4F,,20230220,AB004,AB Store 004 - Lethbridge,SKUBC293503,"75,95","64,55",PROMO84A058BB,1,"231,84"
TRXA73C13D3,,20230220,ABWEB01,Alberta Online Store 01,SKU5335B662,"35,95","35,95",,1,"35,95"
TRX4FF7C143,,20230220,ABWEB01,Alberta Online Store 01,,"7,19","7,19",,1,"35,95"
TRXB201044D,,20230220,ABWEB01,Alberta Online Store 01,SKUB7BD589A,"5,16","5,16",,1,"30,96"
TRXF185CAAB,,20230220,AB029,AB Store 029 - Spruce Grove,SKU9EFAC900,"35,95","35,95",,1,"130,89"
TRX6722FD53,,20230220,AB014,AB Store 014 - Canmore,SKU2E79582B,"11,95","7,19",PROMO8A254670,1,"35,95"
TRX05455DE6,,20230220,ABWEB01,Alberta Online Store 01,SKU9354040A,11,11,,1,"88,77"
TRX5905EC59,,20230220,AB012,AB Store 012 - Fort McMurray,,"9,95","5,15",PROMOA15EE2E3,1,"120,85"
TRX9FBAE40A,,20230220,ABWEB01,Alberta Online Store 01,SKU45313CF5,"59,95","59,95",,1,"179,85"
TRX4FA20727,,20230220,AB055,AB Store 055 - Brooks,SKU56DD8A48,"9,95","5,15",PROMOA15EE2E3,1,"30,95"
TRX238C5444,,20230220,ABWEB01,Alberta Online Store 01,,"5,16","5,16",,1,"125,83"
TRXDE7511FD,,20230220,AB094,AB Store 094 - Canmore,SKUB5378120,"7,99","3,99",PROMOA34667FA,1,"3,99"
TRX8D746B80,CUSTE8E819BF,20230220,AB083,AB Store 083 - Red Deer,SKU974B1A90,"24,99","24,99",,1,"145,88"
TRX0888C34A,,20230220,AB104,AB Store 104 - Lethbridge,SKUBA4E230B,"9,95","2,94",PROMO6EBF2B4B,1,"83,97"
TRX7B45C85A,,20230220,AB105,AB Store 105 - St. Albert,SKU8196F525,"21,99","10,99",PROMOA34667FA,1,"102,43"
TRX99CC19C0,,20230220,ABWEB01,Alberta Online Store 01,SKU1E62B01F,"11,99","11,99",,1,"11,99"
TRX21A7E63A,,20230220,ABWEB01,Alberta Online Store 01,SKU9751E106,"5,16","5,16",,1,"40,96"
TRX6E70AEB2,,20230220,AB087,AB Store 087 - Grande Prairie,,"9,95","5,16",PROMOA15EE2E3,1,"30,95"
TRX1B63978D,CUSTEFEA95A4,20230220,AB093,AB Store 093 - Banff,SKUBD98D8AD,"41,99","20,99",PROMO55D9511E,1,"56,98"
TRX526A461C,,20230220,AB086,AB Store 086 - Medicine Hat,SKU87A89751,"14,99","7,49",PROMOA34667FA,1,"186,39"
TRX5FF66BC4,CUST3D55F718,20230220,AB084,AB Store 084 - Lethbridge,SKUFA04115D,"11,99","5,99",PROMOA34667FA,1,"38,97"
TRX879D95F0,,20230220,ABWEB01,Alberta Online Store 01,SKUCC036430,"39,95","39,95",,1,"125,65"
TRXD30B9644,,20230220,ABWEB01,Alberta Online Store 01,SKUD016F7B9,"10,32","10,32",,2,"30,96"
TRX76AAE1B2,,20230220,AB093,AB Store 093 - Banff,SKU1300F1AD,"29,95","29,95",,1,"59,9"
TRXF8B3585F,,20230220,AB009,AB Store 009 - Spruce Grove,SKUB7FDA017,"34,95","34,95",,1,"165,8"
TRX9F3D9872,,20230220,AB027,AB Store 027 - Grande Prairie,,"7,19","7,19",,1,"35,95"
TRX6DC964D3,,20230220,ABWEB01,Alberta Online Store 01,SKU2C63CDB1,"31,99","31,99",,1,"164,83"
TRX39832679,,20230221,ABWEB01,Alberta Online Store 01,SKU79744E1E,"24,99","24,99",,1,"132,55"
TRXC5489A1F,,20230221,AB056,AB Store 056 - Camrose,SKU0F429B85,"29,95","29,95",,1,"257,7"
TRXAE6397B4,,20230221,ABWEB01,Alberta Online Store 01,SKU1D0AF147,"7,19","7,19",,1,"85,9"
TRX2041A05A,,20230221,AB015,AB Store 015 - Brooks,SKU30F5F69E,"11,95","7,19",PROMO8A254670,1,"50,94"
TRX1DC13715,,20230221,ABWEB01,Alberta Online Store 01,SKU02FCA4EB,"23,96","23,96",,1,"50,32"
TRXE5C5C2D3,,20230221,AB103,AB Store 103 - Red Deer,SKUD4DA84BD,"9,99","7,49",PROMOFCD5427E,1,"42,47"
TRX7D183D04,,20230221,AB039,AB Store 039 - Sherwood Park,SKU6C150E49,"24,95","12,48",,1,"180,79"
TRX86438F7C,,20230221,ABWEB01,Alberta Online Store 01,SKU5D35A5C0,"42,95","42,95",,1,"154,85"
TRX3B103B8A,,20230221,ABWEB01,Alberta Online Store 01,SKU9DF0E0EB,"24,95","24,95",,1,"24,95"
TRX26A04966,,20230221,ABWEB01,Alberta Online Store 01,SKUF536906C,"16,09","16,09",,1,"115,24"
TRXA765068B,,20230221,ABWEB01,Alberta Online Store 01,SKU1D2AD37E,"16,09","16,09",,1,"108,09"
TRX3777F4B9,,20230221,ABWEB01,Alberta Online Store 01,SKUAC3A1E83,"27,99","27,99",,1,"107,97"
TRXBAFC412F,,20230221,AB107,AB Store 107 - Grande Prairie,SKUB98DC3CE,"31,99","31,99",,1,"64,94"
TRXB53706E7,,20230221,AB077,AB Store 077 - Chestermere,SKUCFC98ABE,"23,99","11,99",PROMOA34667FA,1,"137,17"
TRXB419F714,,20230221,AB046,AB Store 046 - Medicine Hat,SKU6534B8B0,"37,95","37,95",,1,"245,75"
TRX0D4B402C,,20230221,ABWEB01,Alberta Online Store 01,SKUAA42B2DD,"26,99","26,99",,1,"26,99"
TRX699FD425,,20230221,ABWEB01,Alberta Online Store 01,SKUF3027183,"16,09","16,09",,1,"54,08"
TRX71C53E06,CUST626A2348,20230221,AB107,AB Store 107 - Grande Prairie,SKUBCF183B0,"21,99","10,99",PROMO55D9511E,1,"86,47"
TRX5B13A0D3,,20230221,AB081,AB Store 081 - Calgary,SKUCA585DE4,"-23,99","-23,99",,-1,"80,9"
TRXE1F0F3E3,,20230221,AB097,AB Store 097 - Chestermere,SKU8D870D95,"52,95","52,95",,1,"329,24"
TRX71C39AE6,,20230221,AB032,AB Store 032 - Fort McMurray,SKU8EEC685E,"31,99","15,99",PROMO55D9511E,1,"78,97"
TRX828C7A53,,20230221,ABWEB01,Alberta Online Store 01,SKU5AD98C70,"30,95","30,95",,1,"61,9"
TRXC020F6F0,,20230221,ABWEB01,Alberta Online Store 01,SKUB315E1CB,"5,16","5,16",,1,"40,91"
TRX8CB30EDB,,20230221,ABWEB01,Alberta Online Store 01,,"54,95","54,95",,1,"174,25"
TRX39C3EA19,,20230221,ABWEB01,Alberta Online Store 01,SKU21EA193C,"-22,39","-22,39",,-1,"-49,67"
TRX8565D29B,,20230221,AB077,AB Store 077 - Chestermere,SKU07433966,"9,95",3,PROMO6EBF2B4B,1,30
TRX9609F6ED,CUSTCD00DF51,20230221,AB037,AB Store 037 - Chestermere,SKUF5F20DB7,"24,95","24,95",,1,"165,75"
TRXF1C56FB0,,20230221,ABWEB01,Alberta Online Store 01,SKU829E4371,"35,95","35,95",,1,"35,95"
TRX1A771D6A,,20230222,AB107,AB Store 107 - Grande Prairie,SKU6203FEEF,"23,99","11,99",PROMOA34667FA,1,"11,99"
TRX5D2C1648,,20230222,AB087,AB Store 087 - Grande Prairie,SKUD9850183,"29,95","29,95",,1,"304,5"
TRX9265B2D1,CUST21DDC7B0,20230222,AB019,AB Store 019 - Sherwood Park,SKU059231C7,"-55,95","-55,95",,-1,"-344,32"
TRX32AE4F39,,20230222,ABWEB01,Alberta Online Store 01,,"14,38","14,38",,2,"35,95"
TRX561DC4F5,,20230222,AB087,AB Store 087 - Grande Prairie,SKU92DDD205,3,3,,1,30
TRX987377E7,,20230222,ABWEB01,Alberta Online Store 01,SKU1522FAA5,"37,99","37,99",,2,"85,58"
TRX1D2282C5,CUSTB9A92D6E,20230222,AB028,AB Store 028 - Airdrie,SKUFC0E429D,"41,99","41,99",,1,"41,99"
TRX2A3467DD,,20230222,AB015,AB Store 015 - Brooks,SKU8DBE3D1C,"9,95","5,16",PROMOA15EE2E3,1,"30,95"
TRX9488C28F,CUSTC045E74D,20230222,AB016,AB Store 016 - Camrose,SKU8FA71FDB,"23,99","23,99",,1,"82,97"
TRXB13FC9BA,,20230222,ABWEB01,Alberta Online Store 01,SKU6D92E46D,"59,95","59,95",,1,"486,45"
TRX5C92ECF7,CUSTE1889BE1,20230222,AB101,AB Store 101 - Calgary,,"29,95","29,95",,1,"29,95"
TRXF905C2F9,CUST5C5752B4,20230222,AB023,AB Store 023 - Red Deer,SKUC0C72E7E,"19,99","19,99",,1,"82,96"
TRXBB7F30B8,,20230222,AB092,AB Store 092 - Fort McMurray,SKU1C9C10F9,"37,99","37,99",,1,"115,93"
TRXB4646BB1,,20230222,AB083,AB Store 083 - Red Deer,,"5,15","5,15",,1,"30,9"
TRX36D3BE44,,20230222,ABWEB01,Alberta Online Store 01,,"39,96","39,96",,1,"76,72"
TRX35089B2E,,20230222,AB012,AB Store 012 - Fort McMurray,SKU45B2A70C,"39,95","39,95",,1,"97,89"
TRXC11C723E,,20230222,AB003,AB Store 003 - Red Deer,SKUC3F58C32,"49,95","49,95",,1,"328,6"
TRX9E94CD2B,,20230222,ABWEB01,Alberta Online Store 01,,"10,32","10,32",,2,"30,96"
TRXF1687569,,20230222,ABWEB01,Alberta Online Store 01,SKUD94FD585,"16,79","16,79",,1,"54,67"
TRXA13C131A,,20230223,ABWEB01,Alberta Online Store 01,SKU0B00C642,"9,95","9,95",,1,"135,7"
TRX6AB8B229,,20230223,ABWEB01,Alberta Online Store 01,SKU1AA0F20C,"10,49","10,49",,1,"159,22"
TRXD5CFEA19,CUST3E7041F2,20230223,AB105,AB Store 105 - St. Albert,SKUACCABB31,"24,99","12,49",PROMOA34667FA,1,"80,46"
TRXE2D3D418,CUST24967FD7,20230223,AB023,AB Store 023 - Red Deer,SKU2D5BDB27,"11,95","7,19",PROMO8A254670,1,"80,9"
TRX64BAA7F4,,20230223,AB105,AB Store 105 - St. Albert,,"9,95","5,16",PROMOA15EE2E3,1,"36,9"
TRX31CB9A5D,CUST28AF3ADD,20230223,AB017,AB Store 017 - Chestermere,SKU836CE6A7,"24,95","13,61",,1,"79,9"
TRX4AEBF67A,,20230223,ABWEB01,Alberta Online Store 01,SKU821FC522,"16,19","16,19",,1,"125,91"
TRX9445B012,,20230223,AB001,AB Store 001 - Calgary,SKU3E166A90,"52,95","52,95",,1,"52,95"
TRX3277C7F9,,20230223,ABWEB01,Alberta Online Store 01,SKU290B864A,"29,95","29,95",,1,"69,9"
TRXE30D5E76,CUSTE6AC0E52,20230223,AB039,AB Store 039 - Sherwood Park,SKU02B6F76A,"49,95","49,95",,1,"85,9"
TRX26559AD5,CUSTA5B5EAD4,20230223,AB001,AB Store 001 - Calgary,,"9,95","5,16",PROMOA15EE2E3,1,"30,95"
TRX39626A4F,,20230223,AB012,AB Store 012 - Fort McMurray,SKU6A7916B6,"54,95","54,95",,1,"109,9"
TRX49EE13EB,,20230223,ABWEB01,Alberta Online Store 01,SKU1174CC94,"19,99","19,99",,1,"159,94"
TRX9614509C,,20230223,AB027,AB Store 027 - Grande Prairie,SKUE0620C48,"9,95","5,15",PROMOA15EE2E3,1,"30,95"
TRX10EB5CC9,,20230223,AB087,AB Store 087 - Grande Prairie,SKUCC91BD50,"9,95",3,PROMO6EBF2B4B,1,"47,49"
TRXCC525303,,20230223,AB023,AB Store 023 - Red Deer,SKU1920D968,"24,95","13,86",,1,"69,9"
TRX18E16548,,20230223,AB026,AB Store 026 - Medicine Hat,SKU00BD6FBA,"7,99","5,99",PROMOFCD5427E,1,"11,98"
TRXFB61B887,,20230223,AB012,AB Store 012 - Fort McMurray,SKU898D5FB3,"20,99","20,99",,1,"146,93"
TRXEA109588,,20230223,AB017,AB Store 017 - Chestermere,SKU56245B44,"14,99","11,24",PROMOFCD5427E,1,"11,24"
TRXA632C615,,20230223,AB041,AB Store 041 - Calgary,SKU94C6E918,"9,95","5,16",PROMOA15EE2E3,1,"75,87"
TRX3FB04FDC,,20230223,AB077,AB Store 077 - Chestermere,SKU82E54E0A,"9,99","9,99",,1,"168,92"
TRX188881C4,,20230223,AB010,AB Store 010 - Leduc,SKUA349367D,"7,19","7,19",,1,"166,8"
TRX8AE54EEC,,20230223,AB038,AB Store 038 - Lloydminster,SKU0F04B2F9,"9,95","5,16",PROMOA15EE2E3,1,"30,95"
TRXCEDC496D,,20230223,ABWEB01,Alberta Online Store 01,SKUCE3267F5,"75,95","75,95",,1,"75,95"
TRXF55C8A73,,20230223,AB083,AB Store 083 - Red Deer,SKU6A275F7C,"24,95",13,,1,"184,8"
TRX8C709890,,20230223,AB046,AB Store 046 - Medicine Hat,,"9,95","5,16",PROMOA15EE2E3,1,"30,95"
TRX6351DEDE,,20230223,AB083,AB Store 083 - Red Deer,SKU38A51A28,"24,95","24,95",,1,"94,85"
TRX0322ECC1,,20230223,ABWEB01,Alberta Online Store 01,SKU00D067CD,11,11,,1,"91,39"
TRXA2B6FA68,,20230223,AB077,AB Store 077 - Chestermere,,"9,95","5,16",PROMOA15EE2E3,1,"30,95"
TRXCC247BDF,,20230223,ABWEB01,Alberta Online Store 01,SKU93FD06D4,"24,95","24,95",,1,"103,8"
TRX6292A2C5,,20230224,ABWEB01,Alberta Online Store 01,SKU269CFC8D,"31,5","31,5",,1,"98,99"
TRX9F150844,,20230224,AB040,AB Store 040 - Wetaskiwin,,"-39,95","-39,95",,-1,5
TRXB20F0A14,CUST77899ABA,20230224,AB081,AB Store 081 - Calgary,SKU814E1F58,"32,95","32,95",,1,"97,85"
TRX563ACEEE,,20230224,AB097,AB Store 097 - Chestermere,SKU5D5F3E79,"49,95","49,95",,1,"74,94"
TRX2E046218,,20230224,AB093,AB Store 093 - Banff,SKUAD409274,"29,95","29,95",,1,"74,93"
TRXC344690E,,20230224,ABWEB01,Alberta Online Store 01,SKU07B085E9,10,10,,1,20
TRXC8CE2CF5,,20230224,ABWEB01,Alberta Online Store 01,SKU8AA30FB1,"7,19","7,19",,1,"71,9"
TRX03C72712,,20230224,AB105,AB Store 105 - St. Albert,SKUE2BE0979,"24,99","24,99",,1,"127,95"
TRXD59AAF1D,,20230224,AB028,AB Store 028 - Airdrie,SKUE5FC9C91,"11,95","7,19",PROMO8A254670,1,"35,95"
TRX210EF6DF,,20230224,AB026,AB Store 026 - Medicine Hat,SKUE0F308E2,"9,95","5,16",PROMOA15EE2E3,1,"30,95"
TRX582BB89B,,20230224,AB107,AB Store 107 - Grande Prairie,SKU9C60B888,"23,99","23,99",,1,"164,4"
TRX856F1B41,,20230224,AB013,AB Store 013 - Banff,,"11,95","7,19",PROMO8A254670,1,"98,38"
TRX459636A2,,20230224,AB016,AB Store 016 - Camrose,SKU4D2C2CCD,"35,95","35,95",,1,"116,82"
TRXC6DCD037,,20230224,AB021,AB Store 021 - Calgary,SKU6498838E,"29,95","29,95",,1,"29,95"
TRX73076184,,20230224,AB080,AB Store 080 - Wetaskiwin,SKUFF49721A,"21,99","21,99",,1,"187,76"
TRX509CB511,CUST44FAFF2F,20230224,AB085,AB Store 085 - St. Albert,SKUACC93BA4,"83,99","41,99",PROMO55D9511E,1,"41,99"
TRX4E8E35EE,,20230224,AB078,AB Store 078 - Lloydminster,SKUBE6CCC05,"39,95","39,95",,1,"169,8"
TRX609D87A6,,20230224,ABWEB01,Alberta Online Store 01,SKU983A2010,"24,99","24,99",,1,"77,97"
TRX73BA0841,CUST2841BCE1,20230224,AB092,AB Store 092 - Fort McMurray,SKU1420F7CC,"11,95","7,19",PROMO8A254670,1,"35,95"
TRX63A92A54,,20230224,ABWEB01,Alberta Online Store 01,,"5,16","5,16",,1,"52,52"
TRX7DEFDF7F,,20230224,AB034,AB Store 034 - Canmore,SKUB7A596CB,"24,99","24,99",,1,"74,94"
TRX4336ED23,,20230224,ABWEB01,Alberta Online Store 01,SKUF9249167,"23,99","23,99",,1,"23,99"
TRX9469D705,CUST282A3706,20230224,AB081,AB Store 081 - Calgary,,"34,95","34,95",,1,"34,95"
TRX56410B18,,20230224,AB078,AB Store 078 - Lloydminster,SKU3A13F98D,"11,95","3,16",PROMO6EBF2B4B,1,30
TRX9A6D8912,,20230224,ABWEB01,Alberta Online Store 01,SKUBFC057BE,"21,99","21,99",,1,"92,06"
TRX98E4B9F3,,20230224,AB038,AB Store 038 - Lloydminster,SKU92C70720,"24,95","24,95",,1,"24,95"
TRXBBEE19FC,,20230224,AB021,AB Store 021 - Calgary,SKUA027985D,"9,95","5,16",PROMOA15EE2E3,1,"30,95"
TRXB20603DB,,20230224,AB013,AB Store 013 - Banff,SKUDBC5BE93,"29,95","29,95",,1,"148,88"
TRXB1249FE4,,20230224,AB105,AB Store 105 - St. Albert,SKU5471BC4C,"11,99","5,99",PROMOA34667FA,1,"47,96"
TRXF6B517C7,,20230225,ABWEB01,Alberta Online Store 01,SKU702531E9,"19,99","19,99",,1,"39,98"
TRX90D1365E,,20230225,AB021,AB Store 021 - Calgary,SKU6D1ADD69,"16,95","16,95",,1,"46,62"
TRXA6C1FCDD,,20230225,AB004,AB Store 004 - Lethbridge,SKU9C596CF6,"39,95","39,95",,1,"137,84"
TRX501E9DC1,,20230225,AB077,AB Store 077 - Chestermere,,"49,95","49,95",,1,"99,9"
TRXADFCB2DE,,20230225,AB094,AB Store 094 - Canmore,SKUA54C1504,"7,99","3,99",PROMOA34667FA,1,"15,98"
TRXE34AB82C,CUSTA2B7DBCA,20230225,AB080,AB Store 080 - Wetaskiwin,SKUDA066A55,"-35,95","-35,95",,-1,"-85,9"
TRXF00632FF,,20230225,AB025,AB Store 025 - St. Albert,SKUE9530AF3,"29,95","29,95",,1,"347,5"
TRXD0236BDB,,20230225,AB107,AB Store 107 - Grande Prairie,SKUD05E1B00,"34,99","34,99",,1,"148,91"
TRX47CC5D69,,20230225,AB083,AB Store 083 - Red Deer,SKU0FC560D6,"23,99","23,99",,1,"28,98"
TRXDFB5DB72,,20230225,AB038,AB Store 038 - Lloydminster,,"9,95","5,16",PROMOA15EE2E3,1,"40,9"
TRX39089641,,20230225,AB087,AB Store 087 - Grande Prairie,SKUD016F7B9,"9,95","5,16",PROMOA15EE2E3,1,"30,95"
TRX24B71734,,20230225,AB032,AB Store 032 - Fort McMurray,,"-49,95","-49,95",,-1,"-290,5"
TRXD1721007,CUST38CEEE84,20230225,AB013,AB Store 013 - Banff,SKU81AA7E15,"11,95","7,19",PROMO8A254670,1,"35,95"
TRX991FD3AC,,20230225,AB014,AB Store 014 - Canmore,SKU4BE0EB7C,"39,95","39,95",,1,"139,8"
TRXDC62AC50,,20230225,AB087,AB Store 087 - Grande Prairie,SKU0A6D457C,"11,95","3,18",PROMO6EBF2B4B,1,"133,95"
TRX55F574D4,,20230225,AB088,AB Store 088 - Airdrie,,"44,95","44,95",,1,"94,9"
TRX8F76C94F,,20230225,AB026,AB Store 026 - Medicine Hat,SKU97DF00EA,"30,99","30,99",,1,"80,94"
TRXC467D28B,,20230225,AB101,AB Store 101 - Calgary,SKU4ECBF53B,"-29,99","-29,99",,-1,"-29,99"
TRX8279BD11,,20230225,AB007,AB Store 007 - Grande Prairie,SKUF74141D4,"21,99",11,PROMO55D9511E,1,"30,99"
TRXC22CC573,,20230225,AB085,AB Store 085 - St. Albert,SKUB8B9FD6F,"12,99","12,99",,1,"41,97"
TRX0121E90E,,20230225,AB093,AB Store 093 - Banff,,"44,95","44,95",,1,"130,13"
TRXB9855009,,20230225,AB029,AB Store 029 - Spruce Grove,SKUD02CA8F7,"-55,95","-55,95",,-1,21
TRX8B0643B6,,20230225,AB016,AB Store 016 - Camrose,,"11,95","7,19",PROMO8A254670,1,"-35,94"
TRX9C3017E1,,20230225,AB025,AB Store 025 - St. Albert,SKUCB2AAEB3,"12,48","12,48",,1,"64,94"
TRXF467BB27,,20230225,AB040,AB Store 040 - Wetaskiwin,,"9,95","5,16",PROMOA15EE2E3,1,"30,95"
TRX13BBB282,,20230225,AB078,AB Store 078 - Lloydminster,SKU5A7318FD,"39,95","39,95",,1,"77,89"
TRX06A948B0,,20230225,AB097,AB Store 097 - Chestermere,SKU87DC9915,"20,99","10,49",PROMOA34667FA,1,"73,43"
TRX346CC3FC,,20230225,AB019,AB Store 019 - Sherwood Park,SKUB39AF3BC,"11,95","7,19",PROMO8A254670,1,"185,8"
TRXEE68DEBE,,20230225,AB016,AB Store 016 - Camrose,SKUFCA79A48,"29,95","29,95",,1,"290,65"
TRX457A831C,,20230225,AB027,AB Store 027 - Grande Prairie,,"11,95","7,19",PROMO8A254670,1,"78,3"
TRX434A01D1,CUST54D0F67C,20230225,AB099,AB Store 099 - Sherwood Park,SKUDCE903B1,"29,95","29,95",,1,"265,65"
TRXDCD451D8,,20230225,AB031,AB Store 031 - Okotoks,,"19,95","9,98",,1,"213,7"
TRX2FD58F2A,,20230225,AB013,AB Store 013 - Banff,SKU9A17ADE7,"11,95","7,19",PROMO8A254670,1,"71,9"
TRX3F4C6EAE,CUST56C92EA3,20230226,AB087,AB Store 087 - Grande Prairie,SKU34C593B1,"45,95","45,95",,1,"173,8"
TRX7585DA22,,20230226,AB002,AB Store 002 - Edmonton,,"44,95","33,71",PROMOC07FAA79,1,"67,42"
TRX1FA60374,,20230226,AB092,AB Store 092 - Fort McMurray,SKU3D00002B,"29,95","29,95",,1,"158,29"
TRX265CD958,CUST8023F99C,20230226,AB099,AB Store 099 - Sherwood Park,SKU60C77870,"9,95",3,PROMO6EBF2B4B,1,"40,99"
TRXE5F0DB17,,20230226,AB099,AB Store 099 - Sherwood Park,SKU2DE166A2,"27,99","13,99",PROMOA34667FA,1,"34,98"
TRX1F6BCEB6,,20230226,AB083,AB Store 083 - Red Deer,SKUCBBCFB17,"11,95","7,19",PROMO8A254670,1,"73,4"
TRXFD545BED,,20230226,AB026,AB Store 026 - Medicine Hat,SKUE33C0959,"9,95","5,16",PROMOA15EE2E3,1,"30,95"
TRX3E34348D,,20230226,AB039,AB Store 039 - Sherwood Park,SKU49EE29C1,"-12,59","-12,59",,-1,"-76,26"
TRX8CDDA8CA,,20230226,AB081,AB Store 081 - Calgary,,"11,95","7,19",PROMO8A254670,1,"108,89"
TRX6AD566D9,,20230226,AB039,AB Store 039 - Sherwood Park,SKUCAB4E02A,"26,95","26,95",,1,"293,5"
TRXC532B8EE,,20230226,AB044,AB Store 044 - Lethbridge,SKUC9650EBD,"-26,95","-26,95",,-1,"-26,95"
TRX094C610C,CUSTD66FAD1E,20230226,AB107,AB Store 107 - Grande Prairie,,"19,99","9,99",PROMOA34667FA,1,"125,91"
TRX12260AB9,,20230226,AB085,AB Store 085 - St. Albert,SKUA6433189,"45,95","45,95",,1,"83,39"
TRXD9ED183A,,20230226,AB026,AB Store 026 - Medicine Hat,SKU00A11F6F,"11,95","7,19",PROMO8A254670,1,"80,9"
TRX5147D215,CUST099676CD,20230226,AB041,AB Store 041 - Calgary,SKU7ADD3EAD,"11,99","11,99",,1,"11,99"
TRX05EF6953,,20230226,AB105,AB Store 105 - St. Albert,SKU51D1B8A9,"11,95","3,05",PROMO6EBF2B4B,1,"50,99"
TRX3EEC1AAF,,20230226,AB087,AB Store 087 - Grande Prairie,SKU20CF9269,"11,99","11,99",,1,"73,88"
TRXF3F32572,,20230226,AB041,AB Store 041 - Calgary,SKU3DF75030,"19,95","19,95",,1,"39,9"
TRXB365C759,CUSTD2143024,20230226,AB026,AB Store 026 - Medicine Hat,SKUF016220D,"19,99","19,99",,1,"19,99"
TRX4E720488,,20230226,AB081,AB Store 081 - Calgary,,"7,19","7,19",,1,"66,9"
TRX73F011B8,,20230226,AB007,AB Store 007 - Grande Prairie,SKU5BD1361B,"37,95","37,95",,1,"361,45"
TRX54414FC4,,20230226,ABWEB01,Alberta Online Store 01,SKUA016BF20,"11,24","11,24",,1,"90,11"
TRXFD23DEAC,,20230226,AB019,AB Store 019 - Sherwood Park,SKUCE3DBEA7,"21,99","10,99",PROMO55D9511E,1,"32,98"
TRXF0DFEC2F,,20230226,AB083,AB Store 083 - Red Deer,SKU1B57D3C2,"19,95","19,95",,1,"129,78"
TRXA196DF18,,20230226,AB081,AB Store 081 - Calgary,SKU7C530071,"17,99","8,99",PROMOA34667FA,1,"212,78"
TRX104C8F15,,20230226,AB092,AB Store 092 - Fort McMurray,SKUC0FB6734,"42,95","42,95",,1,"148,84"
TRXD29D0E63,,20230226,AB087,AB Store 087 - Grande Prairie,SKUD436B23E,"15,99","7,99",PROMOA34667FA,1,"64,47"
TRX95A26D51,,20230226,AB029,AB Store 029 - Spruce Grove,,"39,95","29,96",PROMOC07FAA79,1,"109,87"
TRX67CF61DC,,20230226,AB105,AB Store 105 - St. Albert,SKU62D71468,"11,99","5,99",PROMOA34667FA,1,"55,46"
TRXAF47E776,CUSTB0AB6B0E,20230226,AB003,AB Store 003 - Red Deer,,"49,95","49,95",,1,"194,8"
TRX590F0E6C,,20230226,AB086,AB Store 086 - Medicine Hat,SKU6CC01AB2,"9,95","5,16",PROMOA15EE2E3,1,"30,95"
TRXAF1CCDE2,CUST359F1183,20230226,AB055,AB Store 055 - Brooks,SKU3169EC5B,"9,95","5,15",PROMOA15EE2E3,1,"30,95"
TRX644FDDE8,,20230226,AB039,AB Store 039 - Sherwood Park,SKU353B0501,"39,95","39,95",,1,"268,73"
TRXACFEF031,CUST74561766,20230226,AB032,AB Store 032 - Fort McMurray,SKUC0B858D6,"29,95","29,95",,1,"29,95"
TRXE9999029,CUSTD09F4A51,20230226,AB035,AB Store 035 - Brooks,,"9,95","5,16",PROMOA15EE2E3,1,"30,95"
TRX3BCB51F1,,20230227,ABWEB01,Alberta Online Store 01,SKUEC533327,"26,95","26,95",,1,"53,9"
TRX09A2F76B,,20230227,AB019,AB Store 019 - Sherwood Park,,"9,95","5,16",PROMOA15EE2E3,1,"80,9"
TRX12D58419,,20230227,AB003,AB Store 003 - Red Deer,,"9,95","5,16",PROMOA15EE2E3,1,"154,38"
TRXDFA317F6,,20230227,AB103,AB Store 103 - Red Deer,SKUB0AEC941,"24,95","9,14",PROMOB6CE2007,1,"306,65"
TRX65059F8F,,20230227,ABWEB01,Alberta Online Store 01,SKU16254C86,"32,95","32,95",,1,"65,9"
TRX6D85A738,,20230227,AB014,AB Store 014 - Canmore,SKUE3552A15,"9,95","5,16",PROMOA15EE2E3,1,"30,95"
TRX72C68857,,20230227,AB105,AB Store 105 - St. Albert,SKU3715F0D3,"30,99","15,5",PROMOA34667FA,1,"51,97"
TRX67A6C744,CUST423E41A5,20230227,AB093,AB Store 093 - Banff,,10,10,,1,"54,99"
TRX91FCF1E9,,20230227,AB038,AB Store 038 - Lloydminster,SKU161DFFF3,"11,95","7,19",PROMO8A254670,1,"35,95"
TRXFA6ED316,,20230227,AB016,AB Store 016 - Camrose,,"11,95","7,19",PROMO8A254670,1,"125,85"
TRX9E59E1EA,,20230227,AB039,AB Store 039 - Sherwood Park,SKU352DFF1A,"42,95","42,95",,1,"168,85"
TRX2B07F924,,20230227,ABWEB01,Alberta Online Store 01,SKU976C3FE7,"23,99","23,99",,1,"120,05"
TRX18DE3571,,20230227,AB101,AB Store 101 - Calgary,,"11,95","7,19",PROMO8A254670,1,"35,95"
TRX4C385EDD,,20230227,AB034,AB Store 034 - Canmore,SKUAFCA1960,"32,95","32,95",,1,"125,83"
TRX52C8FE98,CUST53719E69,20230227,AB086,AB Store 086 - Medicine Hat,SKU7238D2EC,"22,99","22,99",,1,"88,93"
TRX43CA0B51,,20230227,AB037,AB Store 037 - Chestermere,SKU6ADE7DB4,"62,99","31,49",PROMO55D9511E,1,"31,49"
TRXDDDA68B4,,20230227,AB104,AB Store 104 - Lethbridge,SKU12BD7F9C,"39,95","39,95",,1,"54,94"
TRXEB101B98,,20230227,AB105,AB Store 105 - St. Albert,SKU37B00434,"9,95","2,73",PROMO6EBF2B4B,1,"60,98"
TRXA17C39C7,,20230227,AB083,AB Store 083 - Red Deer,SKU9BDC0EDD,3,3,,1,30
TRX943786AC,,20230227,AB023,AB Store 023 - Red Deer,SKU4E684DCC,"39,95","39,95",,1,"39,95"
TRX55D198B9,,20230227,ABWEB01,Alberta Online Store 01,SKU6923F28A,"34,99","34,99",,1,"119,96"
TRX13EAC8DE,,20230227,AB104,AB Store 104 - Lethbridge,,"44,95","44,95",,1,0
TRX86ED9B72,,20230227,AB092,AB Store 092 - Fort McMurray,,"11,95","7,19",PROMO8A254670,1,"35,95"
TRX48852E2B,,20230227,ABWEB01,Alberta Online Store 01,SKUC284B680,"35,95","35,95",,1,"91,9"
TRXED73F1A8,,20230227,AB102,AB Store 102 - Edmonton,SKU818455E1,"21,99","10,99",PROMO55D9511E,1,"98,95"
TRXB0C468B3,,20230227,ABWEB01,Alberta Online Store 01,SKU742F2F29,"17,99","17,99",,1,"102,88"
TRX7FCDE646,,20230227,AB037,AB Store 037 - Chestermere,SKU8787680E,"35,95","35,95",,1,"219,75"
TRXCC852C2D,,20230227,ABWEB01,Alberta Online Store 01,SKU1ABF57BD,"29,95","29,95",,1,"166,83"
TRX5B73F1F6,,20230227,ABWEB01,Alberta Online Store 01,SKU2B180D26,"7,19","7,19",,1,"45,95"
TRX8DA7815F,CUSTF54ADB66,20230227,AB015,AB Store 015 - Brooks,SKUA33F1B43,"24,95","8,32",PROMOB6CE2007,1,"24,95"
TRX246059F0,,20230227,ABWEB01,Alberta Online Store 01,SKU5D8E66C1,"19,99","19,99",,1,"216,26"
TRXF0EA131B,CUSTDD9E2649,20230227,AB012,AB Store 012 - Fort McMurray,,"9,95","5,16",PROMOA15EE2E3,1,"100,85"
TRXB21F8D4C,,20230227,AB037,AB Store 037 - Chestermere,SKU6305C6DC,"9,95","5,16",PROMOA15EE2E3,1,"65,9"
TRXED228ED6,,20230227,AB040,AB Store 040 - Wetaskiwin,SKUB11E7F55,"-5,16","-5,16",,-1,"-53,55"
TRX580C42B6,,20230227,AB027,AB Store 027 - Grande Prairie,,32,32,,1,32
TRXA49FC350,,20230227,AB001,AB Store 001 - Calgary,SKUA2E2659F,"11,95","7,19",PROMO8A254670,1,"80,9"
TRX7E9516F2,CUST110DD685,20230227,AB077,AB Store 077 - Chestermere,,"44,95","44,95",,1,"229,7"
TRXD56D814D,,20230227,AB016,AB Store 016 - Camrose,,"11,95","7,19",PROMO8A254670,1,"35,95"
TRX89C8919D,,20230227,AB002,AB Store 002 - Edmonton,SKU349E84EC,"11,95","7,19",PROMO8A254670,1,"35,95"
TRXD734A64A,CUST380391D4,20230227,AB015,AB Store 015 - Brooks,SKUF822384A,"9,95","5,16",PROMOA15EE2E3,1,"30,95"
TRX2A153260,,20230227,ABWEB01,Alberta Online Store 01,SKUCB0D2B88,"5,16","5,16",,1,"90,89"
TRX60D36965,,20230227,ABWEB01,Alberta Online Store 01,SKU60FEAFA1,"39,95","39,95",,1,"121,85"
TRX922E8DED,,20230227,ABWEB01,Alberta Online Store 01,SKU9916C345,10,10,,1,10
TRXD0EEF4B5,,20230227,AB097,AB Store 097 - Chestermere,SKUBAC5FF01,"-39,95","-39,95",,-1,"-39,95"
TRX851F8185,,20230227,AB087,AB Store 087 - Grande Prairie,SKU10FD8288,"34,99","34,99",,1,"144,84"
TRX4D8A6B7A,,20230227,AB088,AB Store 088 - Airdrie,SKUF2AA11D9,"24,95","8,32",PROMOB6CE2007,1,"24,95"
TRXE84398F9,,20230227,AB037,AB Store 037 - Chestermere,SKU4C0C7256,"-7,19","-7,19",,-1,"49,95"
TRX5808A482,,20230228,ABWEB01,Alberta Online Store 01,,"39,96","39,96",,1,"39,96"
TRX9C36F6B0,,20230228,ABWEB01,Alberta Online Store 01,,"5,16","5,16",,1,"40,96"
TRX19D4D21F,,20230228,ABWEB01,Alberta Online Store 01,SKUEDA8936E,"8,38","8,38",,1,"124,78"
TRX32DF0EFA,,20230228,AB011,AB Store 011 - Okotoks,SKUB6C52EA5,"9,95","5,16",PROMOA15EE2E3,1,"43,94"
TRXDF8293EA,,20230228,ABWEB01,Alberta Online Store 01,,"12,98","12,98",,1,"54,72"
TRX34E1A843,CUSTCFC28914,20230228,AB026,AB Store 026 - Medicine Hat,SKU161DFFF3,"11,95","7,19",PROMO8A254670,1,"35,95"
TRX04EA71EF,,20230228,AB077,AB Store 077 - Chestermere,,"9,95","5,16",PROMOA15EE2E3,1,"291,78"
TRX6EDB06D8,,20230228,ABWEB01,Alberta Online Store 01,SKUDE89E02B,"7,19","7,19",,1,"132,8"
TRX41CB902C,CUSTD0FECA95,20230228,AB105,AB Store 105 - St. Albert,,"34,95","34,95",,1,-8
TRXC3A33E08,CUST5628BF63,20230228,AB007,AB Store 007 - Grande Prairie,SKUD222510F,"24,95","8,79",PROMOB6CE2007,1,"24,95"
TRX0B635127,,20230228,AB026,AB Store 026 - Medicine Hat,,"49,95","49,95",,1,"99,9"
TRX21E2ED09,,20230228,ABWEB01,Alberta Online Store 01,SKUF8C32830,"8,75","8,75",,1,"26,95"
TRXF354ECC5,,20230228,AB107,AB Store 107 - Grande Prairie,SKU11C088B9,"35,95","35,95",,1,"188,79"
TRXE951EF89,,20230228,ABWEB01,Alberta Online Store 01,SKU3970F8BB,"8,32","8,32",,1,"24,96"
TRX0908E766,,20230228,AB007,AB Store 007 - Grande Prairie,SKU4DF19050,"35,95","35,95",,1,"65,9"
TRX5A03DF83,,20230228,ABWEB01,Alberta Online Store 01,SKUE1DDB9F0,"5,95","5,95",,1,"115,81"
TRX34D0CCBC,,20230228,AB078,AB Store 078 - Lloydminster,SKUE09978D9,"17,99","8,99",PROMOA34667FA,1,"275,63"
TRX315D2E05,,20230228,ABWEB01,Alberta Online Store 01,SKUCDBE0776,"8,32","8,32",,1,"49,92"
TRX3C70E3A6,CUSTEBED183D,20230228,AB026,AB Store 026 - Medicine Hat,SKU2C4D4A0D,"11,95","7,19",PROMO8A254670,1,"-4,49"
TRX725C9AFD,,20230228,AB092,AB Store 092 - Fort McMurray,SKU70F3C8CC,"11,95","3,05",PROMO6EBF2B4B,1,30
TRX1196AE37,,20230228,ABWEB01,Alberta Online Store 01,,"-39,96","-39,96",,-1,"-39,96"
TRXCBA7DF0C,,20230228,AB026,AB Store 026 - Medicine Hat,,"11,95","7,19",PROMO8A254670,1,"35,95"
TRX1AE41418,,20230228,ABWEB01,Alberta Online Store 01,SKU8E4BA199,"13,99","13,99",,1,"67,93"
TRXA2753609,,20230228,ABWEB01,Alberta Online Store 01,SKU68C61B05,"24,99","24,99",,1,"74,94"
TRX4C24C8A9,CUSTE78B78F8,20230228,AB039,AB Store 039 - Sherwood Park,,"24,95","13,61",,1,"29,95"
TRXEF4D9F9C,CUSTE8C3F6AE,20230228,AB047,AB Store 047 - Grande Prairie,SKUC1DDDAD3,"11,95","7,19",PROMO8A254670,1,"67,44"
TRXAE03C755,,20230228,AB037,AB Store 037 - Chestermere,SKU365C0734,"9,95","5,16",PROMOA15EE2E3,1,"30,95"
TRX67311942,,20230228,AB037,AB Store 037 - Chestermere,SKU0B315F8C,"28,95","10,63",PROMOB6CE2007,1,"28,95"
TRXC0083C74,,20230228,AB012,AB Store 012 - Fort McMurray,SKU46008224,"34,99","34,99",,1,"250,74"
TRX96F0B777,,20230228,ABWEB01,Alberta Online Store 01,SKU6305C6DC,"5,16","5,16",,1,"61,92"
TRX4DB2E97B,,20230228,AB102,AB Store 102 - Edmonton,SKU0C21ABFF,"62,99","31,49",PROMO55D9511E,1,"31,49"
TRX19BF91C0,,20230228,AB080,AB Store 080 - Wetaskiwin,SKUFC2E1DE8,"11,95","7,19",PROMO8A254670,1,"35,95"
TRX7B4DBC27,,20230228,ABWEB01,Alberta Online Store 01,SKU2B5D6DE0,"29,95","29,95",,1,"84,9"
